id,date,ghi,ghi_clear,temp,humidity,wind,clouds,rain,ghi_clear_ratio,day_of_year,month,s_fall,s_spring,s_summer,s_winter,energy_ghi,energy_ghi_kWh,label
1,2025-07-01,0.53446293494705,0.8554025805521518,0.9369458128078818,0.5651423641069888,0.17406749555950268,0.8021535674750929,0.12047043865225683,0.5506544992554907,0.49725274725274726,0.5454545454545454,0,0,1,0,1.2084450000000002,0.0012084450000000003,0.0012084450000000003
2,2025-07-02,0.7747170953101362,0.8455128667195272,0.9123152709359605,0.4482312338222607,0.19715808170515098,0.3072355841803361,0.004450095359186269,0.8720638397055517,0.5,0.5454545454545454,0,0,1,0,1.7146455,0.0017146455,0.0017146455
3,2025-07-03,0.5005748865355522,0.8550565847329347,0.85064039408867,0.42622950819672134,0.23268206039076378,0.6275535876018918,0.06484424666242848,0.5068973439586134,0.5027472527472528,0.5454545454545454,0,0,1,0,1.137045,0.0011370450000000002,0.0011370450000000002
4,2025-07-04,0.9304689863842662,0.9441937576587619,0.8208866995073891,0.3671268334771354,0.19005328596802845,0.095199758478414,0.009218054672600126,0.9702604108793528,0.5054945054945056,0.5454545454545454,0,0,1,0,2.042805,0.002042805,0.002042805
5,2025-07-05,0.5754795763993948,0.888560513227132,0.863448275862069,0.42752372735116473,0.20603907637655416,0.8498540807084632,0.00572155117609663,0.5804592294104401,0.5082417582417583,0.5454545454545454,0,0,1,0,1.2948645,0.0012948645000000001,0.0012948645000000001
6,2025-07-06,0.5335068078668684,0.8496648165501336,0.9590147783251232,0.5759275237273513,0.152753108348135,0.8919190902686926,0.17863954227590592,0.5533251104893636,0.5109890109890111,0.5454545454545454,0,0,1,0,1.2064305,0.0012064305,0.0012064305
7,2025-07-07,0.18448411497730713,0.7972176169537953,0.8926108374384236,0.8634598792062125,0.1669626998223801,0.9588406963872396,0.5139860139860141,0.11273821685813798,0.5137362637362638,0.5454545454545454,0,0,1,0,0.4710615,0.0004710615,0.0004710615
8,2025-07-08,0.7647201210287444,0.8938801989475961,0.8780295566502463,0.4521138912855909,0.0532859680284192,0.5939418335513735,0.06102987921169739,0.8140853106923812,0.5164835164835165,0.5454545454545454,0,0,1,0,1.6935824999999998,0.0016935824999999999,0.0016935824999999999
9,2025-07-09,0.7063116490166416,0.851077632811937,0.907192118226601,0.4473684210526314,0.028419182948490246,0.6831035523799939,0.10108073744437382,0.7775050265522135,0.5192307692307693,0.5454545454545454,0,0,1,0,1.5705195,0.0015705195,0.0015705195
10,2025-07-10,0.6966051437216341,0.85744972248252,0.9292610837438424,0.4091889559965487,0.019538188277087032,0.5935392975747207,0.05499046408137317,0.759294926862367,0.521978021978022,0.5454545454545454,0,0,1,0,1.5500685,0.0015500685,0.0015500685
11,2025-07-11,0.7898456883509835,0.8392561089886831,0.9499507389162561,0.37704918032786905,0.024866785079928955,0.4030391466237294,0.008264462809917356,0.8981668146851051,0.5247252747252747,0.5454545454545454,0,0,1,0,1.7465205,0.0017465204999999998,0.0017465204999999998
12,2025-07-12,0.7838668683812405,0.8265551791249189,0.9682758620689655,0.45146678170836907,0.14209591474245115,0.31820468954412795,0.008582326764144946,0.9031952815887893,0.5274725274725275,0.5454545454545454,0,0,1,0,1.7339235,0.0017339235,0.0017339235
13,2025-07-13,0.5421361573373676,0.8089093923448426,0.9629556650246305,0.7301553062985331,0.19182948490230906,0.668209721243836,0.0880483153210426,0.5940340515709578,0.5302197802197802,0.5454545454545454,0,0,1,0,1.2246119999999998,0.0012246119999999997,0.0012246119999999997
14,2025-07-14,0.6266384266263239,0.79047069847906,0.9276847290640393,0.4743313201035375,0.11900532859680285,0.6274529536077287,0.037825810553083275,0.7246941913918659,0.5329670329670331,0.5454545454545454,0,0,1,0,1.4026530000000001,0.0014026530000000002,0.0014026530000000002
15,2025-07-15,0.7881028744326778,0.8060405103438336,0.9513300492610838,0.3705780845556512,0.10834813499111903,0.2355841803361175,0.006039415130324221,0.9304553850933578,0.5357142857142858,0.5454545454545454,0,0,1,0,1.7428485,0.0017428485,0.0017428485
16,2025-07-16,0.8384992435703481,0.8367188063144239,0.9694581280788177,0.3401639344262295,0.1758436944937833,0.3866358055751232,0.006039415130324221,0.9649744243689514,0.5384615384615385,0.5454545454545454,0,0,1,0,1.8490305,0.0018490305,0.0018490305
17,2025-07-17,0.394517397881997,0.8032725437900959,0.9265024630541872,0.5707506471095771,0.3463587921847247,0.8910133843212236,0.1951684678957406,0.3971467568690441,0.5412087912087913,0.5454545454545454,0,0,1,0,0.9135885,0.0009135885000000001,0.0009135885000000001
18,2025-07-18,0.9304931921331318,0.9333237223383554,0.8401970443349753,0.20232959447799814,0.14742451154529307,0.08825601288115123,0.04100445009535919,0.9810692080547537,0.543956043956044,0.5454545454545454,0,0,1,0,2.042856,0.002042856,0.002042856
19,2025-07-19,0.7262329803328291,0.8603186044835293,0.8398029556650246,0.46829163071613444,0.11900532859680285,0.7222501761094897,0.07851239669421488,0.7950890387553566,0.5467032967032968,0.5454545454545454,0,0,1,0,1.6124925,0.0016124925,0.0016124925
20,2025-07-20,0.5550620272314676,0.8148201542564696,0.856551724137931,0.5217860224331319,0.14209591474245115,0.7539498842709067,0.09917355371900827,0.6070414311069717,0.5494505494505495,0.5454545454545454,0,0,1,0,1.251846,0.001251846,0.001251846
21,2025-07-21,0.7707594553706506,0.9042600735241116,0.7936945812807882,0.314495254529767,0.24333925399644762,0.30049310657139977,0.006357279084551812,0.812449816175394,0.5521978021978022,0.5454545454545454,0,0,1,0,1.7063069999999998,0.0017063069999999998,0.0017063069999999998
22,2025-07-22,0.848375189107413,0.9178980753982556,0.8039408866995075,0.3069456427955135,0.04795737122557728,0.3785850860420649,0.0022250476795931343,0.8958949190075046,0.554945054945055,0.5454545454545454,0,0,1,0,1.8698385,0.0018698385,0.0018698385
23,2025-07-23,0.8709712556732225,0.8822893390038206,0.8675862068965517,0.19046591889559972,0.19360568383658971,0.4563751635302405,0.0003178639542275906,0.9590753532094692,0.5576923076923077,0.5454545454545454,0,0,1,0,1.9174470000000001,0.001917447,0.001917447
24,2025-07-24,0.7248169440242058,0.8283139912059397,0.9619704433497537,0.34943917169974115,0.3161634103019538,0.595853879440475,0.0909090909090909,0.8228154222600138,0.5604395604395604,0.5454545454545454,0,0,1,0,1.609509,0.001609509,0.001609509
25,2025-07-25,0.7199878971255673,0.7898075398255605,0.9389162561576354,0.451251078515962,0.23445825932504438,0.4723759686021938,0.053719008264462804,0.8541435635437417,0.5631868131868133,0.5454545454545454,0,0,1,0,1.5993344999999999,0.0015993345,0.0015993345
26,2025-07-26,0.747497730711044,0.7749297195992216,0.9213793103448276,0.3822260569456428,0.13499111900532862,0.4629163731508503,0.003814367450731087,0.9080281911398304,0.565934065934066,0.5454545454545454,0,0,1,0,1.657296,0.0016572960000000002,0.0016572960000000002
27,2025-07-27,0.5397276853252648,0.7504649318820732,0.9629556650246305,0.487057808455565,0.09946714031971582,0.4847539498842709,0.01589319771137953,0.637039573537825,0.5686813186813188,0.5454545454545454,0,0,1,0,1.2195375000000002,0.0012195375,0.0012195375
28,2025-07-28,0.7676853252647505,0.7566207741656455,0.9917241379310344,0.3045729076790338,0.13499111900532862,0.2325651605112207,0.002860775588048315,0.9570538906130533,0.5714285714285715,0.5454545454545454,0,0,1,0,1.6998300000000002,0.0016998300000000003,0.0016998300000000003
29,2025-07-29,0.73957034795764,0.7876306494629858,0.954679802955665,0.19542709232096644,0.14742451154529307,0.3750628962463519,0.0,0.8834509348001535,0.5741758241758242,0.5454545454545454,0,0,1,0,1.6405935,0.0016405935,0.0016405935
30,2025-07-30,0.5586928895612708,0.7378793339580482,0.9089655172413793,0.30004314063848136,0.19182948490230906,0.765623427593841,0.0034965034965034965,0.675295770368193,0.576923076923077,0.5454545454545454,0,0,1,0,1.259496,0.001259496,0.001259496
31,2025-07-31,0.5250832072617247,0.8184531103582499,0.8273891625615764,0.2174288179465056,0.2273534635879218,0.7272818758176511,0.012714558169103624,0.5640313487122914,0.5796703296703297,0.5454545454545454,0,0,1,0,1.1886825,0.0011886825,0.0011886825
32,2025-08-01,0.8297609682299547,0.8635767317811579,0.8193103448275861,0.05155306298533224,0.17229129662522202,0.13736540203280667,0.0,0.9255300032635413,0.5824175824175825,0.6363636363636364,0,0,1,0,1.8306195,0.0018306195,0.0018306195
33,2025-08-02,0.7145900151285931,0.7116845671448138,0.8667980295566502,0.1061259706643658,0.17406749555950268,0.1676562342759384,0.003814367450731087,0.9320601964353074,0.5851648351648352,0.6363636363636364,0,0,1,0,1.5879615,0.0015879615,0.0015879615
34,2025-08-03,0.4737065052950076,0.4166798817847619,0.8993103448275862,0.24072476272648835,0.1882770870337478,0.13062292442387038,0.0006357279084551812,0.9161468565432992,0.5879120879120879,0.6363636363636364,0,0,1,0,1.080435,0.001080435,0.001080435
35,2025-08-04,0.46594856278366115,0.5146399481006272,0.8711330049261083,0.2640207075064709,0.2255772646536412,0.45134346382207907,0.0003178639542275906,0.7575435726291708,0.5906593406593407,0.6363636363636364,0,0,1,0,1.0640895000000001,0.0010640895000000002,0.0010640895000000002
36,2025-08-05,0.6082178517397883,0.6224176457867802,0.8443349753694581,0.32506471095772205,0.1438721136767318,0.5270202274328267,0.0034965034965034965,0.8732084747270444,0.5934065934065934,0.6363636363636364,0,0,1,0,1.363842,0.001363842,0.001363842
37,2025-08-06,0.7525204236006052,0.7046204858357963,0.8894581280788177,0.2243313201035375,0.1669626998223801,0.09620609842004628,0.0575333757151939,0.9975535567265174,0.5961538461538463,0.6363636363636364,0,0,1,0,1.6678785,0.0016678785,0.0016678785
38,2025-08-07,0.6744689863842663,0.6740431053124776,0.9190147783251231,0.3505176876617775,0.10834813499111903,0.42085136359062086,0.012714558169103624,0.916005883930182,0.598901098901099,0.6363636363636364,0,0,1,0,1.5034290000000001,0.0015034290000000001,0.0015034290000000001
39,2025-08-08,0.6226807866868382,0.6522742016867298,0.9341871921182265,0.22044866264020713,0.17229129662522202,0.34899869175807585,0.0003178639542275906,0.8605652697164999,0.6016483516483517,0.6363636363636364,0,0,1,0,1.3943145000000001,0.0013943145000000002,0.0013943145000000002
40,2025-08-09,0.7159576399394857,0.7226122684350899,0.962167487684729,0.2825711820534942,0.13676731793960922,0.5183657039347891,0.10330578512396695,0.9213054719130268,0.6043956043956045,0.6363636363636364,0,0,1,0,1.590843,0.001590843,0.001590843
41,2025-08-10,0.7558608169440243,0.7371873423196137,0.9998029556650246,0.11755823986194991,0.19005328596802845,0.41390761799335807,0.006675143038779402,0.9627284449223666,0.6071428571428572,0.6363636363636364,0,0,1,0,1.6749165000000001,0.0016749165000000002,0.0016749165000000002
42,2025-08-11,0.7881633888048413,0.7559720320046134,0.9877832512315271,0.10483175150992241,0.15985790408525752,0.08211733923719432,0.007946598855689765,0.9870306878073248,0.6098901098901099,0.6363636363636364,0,0,1,0,1.742976,0.001742976,0.001742976
43,2025-08-12,0.7360000000000001,0.7347942045700282,1.0,0.0767903364969802,0.20603907637655416,0.2134447016202073,0.008900190718372537,0.9366041310616379,0.6126373626373627,0.6363636363636364,0,0,1,0,1.6330710000000002,0.0016330710000000003,0.0016330710000000003
44,2025-08-13,0.39138275340393347,0.6827939162401788,0.9657142857142857,0.4391716997411561,0.12611012433392538,0.7966186977961154,0.21487603305785122,0.46942254209228396,0.6153846153846154,0.6363636363636364,0,0,1,0,0.906984,0.000906984,0.000906984
45,2025-08-14,0.7715824508320727,0.7611187198154691,0.8794088669950739,0.1988783433994823,0.25932504440497334,0.1190500150950991,0.017482517482517484,0.9574194110785111,0.6181318681318682,0.6363636363636364,0,0,1,0,1.7080409999999997,0.0017080409999999998,0.0017080409999999998
46,2025-08-15,0.839515885022693,0.8088084768975708,0.866600985221675,0.13718723037100955,0.06394316163410305,0.039146623729495816,0.046408137317228225,0.997174229084464,0.6208791208791209,0.6363636363636364,0,0,1,0,1.8511725,0.0018511725,0.0018511725
47,2025-08-16,0.7628320726172466,0.7326173142074535,0.9373399014778325,0.13697152717860228,0.13321492007104796,0.11442085136359059,0.03528289891926256,0.9783484643558481,0.6236263736263736,0.6363636363636364,0,0,1,0,1.6896045000000002,0.0016896045,0.0016896045
48,2025-08-17,0.3854523449319214,0.6918618900021626,0.842167487684729,0.28408110440034506,0.33037300177619894,0.5498641441078795,0.1449459631277813,0.45392629684506036,0.6263736263736265,0.6363636363636364,0,0,1,0,0.8944890000000001,0.000894489,0.000894489
49,2025-08-18,0.7570226928895613,0.7987313486628705,0.7578325123152709,0.21591889559965494,0.14209591474245115,0.6203079400221394,0.02066115702479339,0.8958283163561619,0.6291208791208792,0.6363636363636364,0,0,1,0,1.6773645,0.0016773645,0.0016773645
50,2025-08-19,0.475534039334342,0.7355150291933974,0.7911330049261083,0.2998274374460743,0.16873889875666076,0.9126496930663177,0.006357279084551812,0.5562236402566108,0.631868131868132,0.6363636363636364,0,0,1,0,1.0842855,0.0010842855,0.0010842855
51,2025-08-20,0.44285627836611197,0.6927557125351403,0.8179310344827586,0.5299827437446072,0.14920071047957373,0.7294958236892422,0.019389701207883026,0.5407867710536022,0.6346153846153847,0.6363636363636364,0,0,1,0,1.0154355000000002,0.0010154355000000002,0.0010154355000000002
52,2025-08-21,0.7189470499243571,0.7357312765804082,0.8573399014778325,0.3209663503019844,0.1296625222024867,0.12166649894334304,0.0,0.910675366413613,0.6373626373626374,0.6363636363636364,0,0,1,0,1.5971415000000002,0.0015971415000000002,0.0015971415000000002
53,2025-08-22,0.7135128593040848,0.6994305485475385,0.9107389162561577,0.1194995685936151,0.06927175843694491,0.2547046392271309,0.0,0.9451083994643646,0.6401098901098902,0.6363636363636364,0,0,1,0,1.585692,0.001585692,0.001585692
54,2025-08-23,0.46437518910741304,0.6381172060837599,0.889064039408867,0.30845556514236394,0.22024866785079927,0.8375767334205494,0.04036872218690401,0.6212997713867241,0.6428571428571429,0.6363636363636364,0,0,1,0,1.0607745000000002,0.0010607745000000002,0.0010607745000000002
55,2025-08-24,0.5410953101361574,0.6477474230519715,0.9073891625615764,0.35698878343399487,0.22202486678507993,0.6664989433430613,0.08391608391608392,0.7353056084455502,0.6456043956043956,0.6363636363636364,0,0,1,0,1.222419,0.001222419,0.001222419
56,2025-08-25,0.6113524962178518,0.683096662581994,0.8492610837438423,0.2978861087144091,0.22380106571936054,0.6033007950085538,0.028925619834710745,0.8079344743751816,0.6483516483516484,0.6363636363636364,0,0,1,0,1.3704465000000001,0.0013704465000000002,0.0013704465000000002
57,2025-08-26,0.4361149773071105,0.6999207092914295,0.783448275862069,0.31169111302847297,0.24511545293072823,0.8977558619301599,0.024157660521296885,0.5249951713110487,0.6510989010989011,0.6363636363636364,0,0,1,0,1.0012320000000001,0.0010012320000000001,0.0010012320000000001
58,2025-08-27,0.5669470499243571,0.7003964535428532,0.7897536945812808,0.12424503882657456,0.15452930728241565,0.6431518566971922,0.0006357279084551812,0.7223941258492911,0.6538461538461539,0.6363636363636364,0,0,1,0,1.276887,0.0012768870000000002,0.0012768870000000002
59,2025-08-28,0.17230862329803331,0.6295393930656672,0.7574384236453202,0.7288610871440895,0.18294849023090587,0.9980879541108986,0.6554354736172918,0.1518964141183873,0.6565934065934067,0.6363636363636364,0,0,1,0,0.4454085,0.0004454085,0.0004454085
60,2025-08-29,0.44451437216338885,0.6595401138902905,0.7359605911330049,0.6266177739430543,0.20781527531083482,0.7980275737144006,0.08931977113795296,0.570515207677632,0.6593406593406594,0.6363636363636364,0,0,1,0,1.018929,0.001018929,0.001018929
61,2025-08-30,0.37299848714069594,0.6477474230519715,0.7428571428571429,0.6283433994823122,0.2699822380106572,0.6921606118546845,0.03750794659885569,0.46615230990522216,0.6620879120879122,0.6363636363636364,0,0,1,0,0.8682495000000001,0.0008682495000000001,0.0008682495000000001
62,2025-08-31,0.714069591527988,0.6664888632595691,0.8226600985221675,0.2525884383088868,0.06571936056838368,0.03854281976451645,0.004132231404958678,0.9873467733834637,0.6648351648351649,0.6363636363636364,0,0,1,0,1.586865,0.001586865,0.001586865
63,2025-09-01,0.6370590015128594,0.638607366827651,0.8711330049261083,0.11971527178602237,0.04440497335701599,0.432826808896045,0.0,0.9002182918874669,0.6675824175824177,0.7272727272727273,1,0,0,0,1.4246085000000002,0.0014246085000000001,0.0014246085000000001
64,2025-09-02,0.5876187594553708,0.6200965904995316,0.8695566502463055,0.2122519413287316,0.09946714031971582,0.6151756063198147,0.0022250476795931343,0.8420435333328974,0.6703296703296704,0.7272727272727273,1,0,0,0,1.320441,0.0013204409999999999,0.0013204409999999999
65,2025-09-03,0.6629712556732225,0.6381172060837599,0.8468965517241379,0.22044866264020713,0.19893428063943164,0.24061588004427892,0.0003178639542275906,0.9427736268005168,0.6730769230769231,0.7272727272727273,1,0,0,0,1.479204,0.001479204,0.001479204
66,2025-09-04,0.4080242057488654,0.5701722770849852,0.8133990147783252,0.6132441760138048,0.2273534635879218,0.758579048002415,0.17736808645899554,0.5907511768887349,0.6758241758241759,0.7272727272727273,1,0,0,0,0.9420465,0.0009420465,0.0009420465
67,2025-09-05,0.5458275340393345,0.5862899156635192,0.7996059113300492,0.34102674719585857,0.36589698046181174,0.48465331589010757,0.06198347107438016,0.8125087538112011,0.6785714285714286,0.7272727272727273,1,0,0,0,1.2323895,0.0012323895,0.0012323895
68,2025-09-06,0.3177246596066566,0.5410365458084049,0.7590147783251231,0.40250215703192405,0.2024866785079929,0.8896045084029384,0.014939605848696757,0.45566849895036554,0.6813186813186813,0.7272727272727273,1,0,0,0,0.7517910000000001,0.0007517910000000001,0.0007517910000000001
69,2025-09-07,0.4551406959152799,0.6173286239457941,0.7462068965517241,0.2588438308886971,0.2486678507992895,0.6567374459092281,0.017482517482517484,0.6257418862606691,0.6840659340659341,0.7272727272727273,1,0,0,0,1.041318,0.001041318,0.001041318
70,2025-09-08,0.5771981845688352,0.6339652562531538,0.7448275862068965,0.1822691975841242,0.12255772646536411,0.22179732313575526,0.014303877940241577,0.8086671960831432,0.6868131868131869,0.7272727272727273,1,0,0,0,1.2984855000000002,0.0012984855000000002,0.0012984855000000002
71,2025-09-09,0.6298577912254161,0.566885316802422,0.7558620689655172,0.2659620362381363,0.15985790408525752,0.16292643655026667,0.0003178639542275906,0.9847191818193967,0.6895604395604397,0.7272727272727273,1,0,0,0,1.409436,0.0014094359999999998,0.0014094359999999998
72,2025-09-10,0.5659546142208776,0.5683702155265625,0.81064039408867,0.16264020707506477,0.08525754884547068,0.33772768441179424,0.0,0.8701927695910173,0.6923076923076924,0.7272727272727273,1,0,0,0,1.274796,0.0012747960000000001,0.0012747960000000001
73,2025-09-11,0.588586989409985,0.5769480285446552,0.7875862068965517,0.24007765314926655,0.2273534635879218,0.30532353829123476,0.0,0.898405236347548,0.6950549450549451,0.7272727272727273,1,0,0,0,1.322481,0.001322481,0.001322481
74,2025-09-12,0.6334644478063541,0.6068766669069416,0.7564532019704433,0.2040552200172563,0.0532859680284192,0.5033712388044681,0.0003178639542275906,0.9351520763409557,0.6978021978021979,0.7272727272727273,1,0,0,0,1.4170350000000003,0.0014170350000000003,0.0014170350000000003
75,2025-09-13,0.4698698940998488,0.536221437324299,0.8325123152709359,0.09965487489214842,0.06216696269982239,0.6986011874811311,0.0050858232676414495,0.7382903441384719,0.7005494505494506,0.7272727272727273,1,0,0,0,1.0723515000000001,0.0010723515000000002,0.0010723515000000002
76,2025-09-14,0.5536338880484116,0.5357745260578102,0.8141871921182267,0.4361518550474548,0.18472468916518653,0.311160309952702,0.019389701207883026,0.8922970030652949,0.7032967032967034,0.7272727272727273,1,0,0,0,1.2488370000000002,0.0012488370000000003,0.0012488370000000003
77,2025-09-15,0.6271225416036309,0.5588264975131552,0.796256157635468,0.32463330457290773,0.09769094138543519,0.08473382308543825,0.0009535918626827717,0.991734467374506,0.7060439560439561,0.7272727272727273,1,0,0,0,1.4036730000000002,0.0014036730000000002,0.0014036730000000002
78,2025-09-16,0.6205022692889562,0.5466733943631515,0.8145812807881774,0.2894736842105263,0.13676731793960922,0.047599879239207,0.0,0.9980768952440046,0.7087912087912088,0.7272727272727273,1,0,0,0,1.3897245,0.0013897245000000001,0.0013897245000000001
79,2025-09-17,0.4967382753403934,0.5175809125639732,0.8267980295566503,0.4180327868852458,0.10301953818827711,0.7759887289926536,0.008264462809917356,0.8116189052660628,0.7115384615384616,0.7272727272727273,1,0,0,0,1.1289615,0.0011289615,0.0011289615
80,2025-09-18,0.4335007564296521,0.492669213580336,0.8441379310344828,0.37618636755823975,0.23268206039076378,0.38351615175606313,0.0022250476795931343,0.72310704840078,0.7142857142857143,0.7272727272727273,1,0,0,0,0.9957239999999999,0.000995724,0.000995724
81,2025-09-19,0.6340937972768533,0.5634974410725871,0.7225615763546798,0.1464624676445212,0.2486678507992895,0.012881151252893226,0.001589319771137953,0.9971787965245932,0.7170329670329672,0.7272727272727273,1,0,0,0,1.418361,0.001418361,0.001418361
82,2025-09-20,0.6353161875945538,0.5728393281914511,0.6734975369458128,0.08045729076790331,0.12788632326820604,0.08503572506792793,0.018753973299427844,0.9856365766822085,0.7197802197802199,0.7272727272727273,1,0,0,0,1.4209365000000003,0.0014209365000000002,0.0014209365000000002
83,2025-09-21,0.5568653555219365,0.5153607727239964,0.7359605911330049,0.27286453839516844,0.17229129662522202,0.29264365502666795,0.004132231404958678,0.9277108822378693,0.7225274725274726,0.7272727272727273,1,0,0,0,1.2556455,0.0012556455,0.0012556455
84,2025-09-22,0.1069531013615734,0.39855835075326185,0.7883743842364532,0.809318377911993,0.11900532859680285,0.9674952198852772,0.21392244119516848,0.1313642532429435,0.7252747252747254,0.7272727272727273,1,0,0,0,0.30770850000000005,0.0003077085000000001,0.0003077085000000001
85,2025-09-23,0.24289258698941,0.37340157139767904,0.838423645320197,0.7424503882657465,0.09946714031971582,0.963973030089564,0.11856325492689129,0.4596380495898096,0.7280219780219781,0.7272727272727273,1,0,0,0,0.5941244999999999,0.0005941245,0.0005941245
86,2025-09-24,0.4472980332829047,0.4250558639083112,0.8159605911330049,0.551553062985332,0.18650088809946713,0.7573714400724565,0.0034965034965034965,0.8457423519364883,0.7307692307692308,0.7272727272727273,1,0,0,0,1.024794,0.0010247939999999999,0.0010247939999999999
87,2025-09-25,0.1171800302571861,0.36789447127513886,0.7797044334975369,0.8938740293356342,0.15808170515097691,0.964375566066217,0.3140495867768595,0.1716584986737801,0.7335164835164836,0.7272727272727273,1,0,0,0,0.329256,0.000329256,0.000329256
88,2025-09-26,0.21021482602118005,0.432019029770057,0.7915270935960592,0.6412855910267472,0.1811722912966252,0.7160108684713695,0.018436109345200253,0.33357574852123606,0.7362637362637363,0.7272727272727273,1,0,0,0,0.5252745,0.0005252745,0.0005252745
89,2025-09-27,0.444623298033283,0.44603186044835297,0.7704433497536946,0.4167385677308022,0.12078152753108345,0.5823689242226023,0.014303877940241577,0.8084381873047614,0.739010989010989,0.7272727272727273,1,0,0,0,1.0191585,0.0010191585,0.0010191585
90,2025-09-28,0.5376944024205749,0.4552007496576084,0.8035467980295566,0.3267903364969802,0.2557726465364121,0.08765220891617188,0.019707565162110616,0.9855035051155846,0.7417582417582418,0.7272727272727273,1,0,0,0,1.2152535,0.0012152535,0.0012152535
91,2025-09-29,0.5349349470499244,0.4434657247891588,0.8043349753694582,0.16587575496117335,0.19538188277087037,0.0,0.012714558169103624,1.0000000000000002,0.7445054945054945,0.7272727272727273,1,0,0,0,1.2094395,0.0012094395,0.0012094395
92,2025-09-30,0.552944024205749,0.46736826930007935,0.7395073891625615,0.2327437446074201,0.25932504440497334,0.008050719533058266,0.01080737444373808,0.9958719328799136,0.7472527472527474,0.7272727272727273,1,0,0,0,1.2473835,0.0012473835,0.0012473835
93,2025-10-01,0.5372586989409985,0.44695451596626545,0.6571428571428571,0.360655737704918,0.19715808170515098,0.005031699708161417,0.02670057215511761,0.9987488959781298,0.7500000000000001,0.8181818181818182,1,0,0,0,1.2143355000000002,0.0012143355000000002,0.0012143355000000002
94,2025-10-02,0.5175068078668685,0.4305197145534493,0.6699507389162561,0.32571182053494385,0.12078152753108345,0.32565160511220687,0.012078830260648443,0.9860924868077715,0.7527472527472528,0.8181818181818182,1,0,0,0,1.1727195000000001,0.0011727195000000002,0.0011727195000000002
95,2025-10-03,0.4764296520423601,0.4041663663230737,0.7590147783251231,0.20125107851596202,0.18472468916518653,0.4571802354835463,0.0,0.9437010175995276,0.7554945054945056,0.8181818181818182,1,0,0,0,1.0861725,0.0010861725,0.0010861725
96,2025-10-04,0.45487443267776106,0.370388524471996,0.8372413793103448,0.2985332182916307,0.1136767317939609,0.21193519170775887,0.0003178639542275906,0.956414343112974,0.7582417582417583,0.8181818181818182,1,0,0,0,1.0407570000000002,0.0010407570000000002,0.0010407570000000002
97,2025-10-05,0.47172163388804844,0.36848554746630147,0.8597044334975369,0.30780845556514236,0.1882770870337478,0.0015095099124484241,0.0003178639542275906,0.9993564318621865,0.7609890109890111,0.8181818181818182,1,0,0,0,1.0762530000000001,0.001076253,0.001076253
98,2025-10-06,0.45825113464447814,0.3669285662798242,0.8620689655172413,0.2653149266609145,0.26287744227353466,0.2166649894334306,0.0003178639542275906,0.9708731968257581,0.7637362637362638,0.8181818181818182,1,0,0,0,1.0478715,0.0010478715,0.0010478715
99,2025-10-07,0.1077155824508321,0.3050385641173503,0.8193103448275861,0.6115185504745468,0.22024866785079927,0.7933984099828921,1.0,0.1890840332527798,0.7664835164835165,0.8181818181818182,1,0,0,0,0.309315,0.000309315,0.000309315
100,2025-10-08,0.36256580937972777,0.38647733006559515,0.6723152709359606,0.4495254529767041,0.2682060390763765,0.522290429707155,0.06261919898283534,0.7174924690913349,0.7692307692307693,0.8181818181818182,1,0,0,0,0.8462685000000001,0.0008462685000000001,0.0008462685000000001
101,2025-10-09,0.5071346444780637,0.4117782743458517,0.5913300492610837,0.038610871440897254,0.18650088809946713,0.028781322330683298,0.0,0.9973787762889436,0.771978021978022,0.8181818181818182,1,0,0,0,1.1508660000000002,0.0011508660000000002,0.0011508660000000002
102,2025-10-10,0.4540635400907716,0.38588625387443243,0.5962561576354679,0.31794650560828286,0.21492007104795735,0.532856999094294,0.0009535918626827717,0.9261132764861809,0.7747252747252747,0.8181818181818182,1,0,0,0,1.0390485,0.0010390485,0.0010390485
103,2025-10-11,0.37078366111951594,0.33516903337418014,0.6855172413793102,0.5742018981880932,0.15808170515097691,0.4234678474388648,0.023521932612841703,0.8190225767886573,0.7774725274725276,0.8181818181818182,1,0,0,0,0.8635830000000001,0.0008635830000000001,0.0008635830000000001
104,2025-10-12,0.44238426626323757,0.33699992791753763,0.6991133004926109,0.46182053494391706,0.2753108348134991,0.07859514944148133,0.0006357279084551812,0.9921577197031685,0.7802197802197803,0.8181818181818182,1,0,0,0,1.0144410000000001,0.001014441,0.001014441
105,2025-10-13,0.2798184568835098,0.3114971527427377,0.691231527093596,0.4566436583261433,0.2273534635879218,0.6882358860823186,0.0003178639542275906,0.6280670096710438,0.7829670329670331,0.8181818181818182,1,0,0,0,0.671925,0.000671925,0.000671925
106,2025-10-14,0.4115098335854766,0.31977221941901546,0.72,0.36993097497842986,0.1438721136767318,0.29536077286907514,0.0025429116338207248,0.9502478468372487,0.7857142857142858,0.8181818181818182,1,0,0,0,0.9493905,0.0009493905,0.0009493905
107,2025-10-15,0.3781059001512859,0.33524111583651706,0.6352709359605911,0.09792924935289049,0.32149200710479575,0.4734829425379893,0.0,0.836984935671334,0.7884615384615385,0.8181818181818182,1,0,0,0,0.8790104999999999,0.0008790104999999999,0.0008790104999999999
108,2025-10-16,0.445409984871407,0.34174295393930665,0.5901477832512315,0.27976704055220014,0.3037300177619893,0.1293146824997484,0.006357279084551812,0.9898873752811425,0.7912087912087913,0.8181818181818182,1,0,0,0,1.020816,0.001020816,0.001020816
109,2025-10-17,0.3728169440242058,0.31762416204137534,0.5968472906403941,0.3802847282139774,0.10657193605683837,0.6913555399013787,0.0034965034965034965,0.8560449718861692,0.793956043956044,0.8181818181818182,1,0,0,0,0.867867,0.000867867,0.000867867
110,2025-10-18,0.25291376701966717,0.24175016218554027,0.676256157635468,0.6691113028472822,0.19005328596802845,0.8697796115527824,0.0270184361093452,0.6675858417675363,0.7967032967032968,0.8181818181818182,1,0,0,0,0.6152385,0.0006152385,0.0006152385
111,2025-10-19,0.29886838124054466,0.24825200028832992,0.7875862068965517,0.3636755823986195,0.4298401420959147,0.7348294253798933,0.023839796567069294,0.7898646002529619,0.7994505494505495,0.8181818181818182,1,0,0,0,0.7120620000000001,0.0007120620000000001,0.0007120620000000001
112,2025-10-20,0.05190922844175492,0.2390110286167376,0.7369458128078817,0.7124676445211389,0.36589698046181174,0.9942638623326958,0.6039415130324222,0.07626116915010242,0.8021978021978022,0.8181818181818182,1,0,0,0,0.19173449999999997,0.00019173449999999997,0.00019173449999999997
113,2025-10-21,0.22500453857791233,0.2664167807972321,0.663448275862069,0.5004314063848145,0.2664298401420959,0.7998389856093387,0.08900190718372536,0.547356707469463,0.804945054945055,0.8181818181818182,1,0,0,0,0.5564355000000001,0.0005564355,0.0005564355
114,2025-10-22,0.1250832072617247,0.2368341382541628,0.6356650246305419,0.840595340811044,0.17761989342806395,0.8333501056656938,0.101716465352829,0.29554071943234916,0.8076923076923078,0.8181818181818182,1,0,0,0,0.34590750000000003,0.0003459075,0.0003459075
115,2025-10-23,0.13952193645990926,0.23826137100843367,0.6153694581280789,0.7469801553062985,0.2042628774422735,0.8244943141793296,0.05912269548633185,0.33697908922255126,0.8104395604395606,0.8181818181818182,1,0,0,0,0.376329,0.000376329,0.000376329
116,2025-10-24,0.18317700453857794,0.23964535428530245,0.5832512315270936,0.58541846419327,0.1669626998223801,0.9243232363892522,0.03337571519389702,0.4647733515096302,0.8131868131868133,0.8181818181818182,1,0,0,0,0.4683075,0.0004683075,0.0004683075
117,2025-10-25,0.20678971255673226,0.2597419447848338,0.53871921182266,0.5852027610008628,0.19360568383658971,0.8134245748213745,0.018436109345200253,0.5054550363567524,0.815934065934066,0.8181818181818182,1,0,0,0,0.518058,0.0005180580000000001,0.0005180580000000001
118,2025-10-26,0.23865658093797285,0.24877099401715566,0.5282758620689655,0.5690250215703192,0.1669626998223801,0.5140384421857703,0.013350286077558804,0.6137767054532779,0.8186813186813188,0.8181818181818182,1,0,0,0,0.5851995000000001,0.0005851995000000001,0.0005851995000000001
119,2025-10-27,0.35098335854765506,0.24743026021768907,0.5404926108374384,0.5936151855047453,0.17406749555950268,0.2945557009157693,0.002860775588048315,0.9434435202474182,0.8214285714285715,0.8181818181818182,1,0,0,0,0.8218650000000001,0.0008218650000000001,0.0008218650000000001
120,2025-10-28,0.3616338880484115,0.24081309017516042,0.5615763546798029,0.6872303710094909,0.19005328596802845,0.10959041964375565,0.02288620470438652,0.9905549417047049,0.8241758241758242,0.8181818181818182,1,0,0,0,0.844305,0.000844305,0.000844305
121,2025-10-29,0.34662632375189106,0.23216319469473082,0.5601970443349753,0.6063416738567731,0.17229129662522202,0.235785448324444,0.013668150031786395,0.9670691667720578,0.826923076923077,0.8181818181818182,1,0,0,0,0.812685,0.000812685,0.000812685
122,2025-10-30,0.02196671709531013,0.16888920925538822,0.5550738916256157,0.8733822260569455,0.2948490230905862,0.9146623729495823,0.6589319771137953,0.018472930391014247,0.8296703296703297,0.8181818181818182,1,0,0,0,0.1286475,0.0001286475,0.0001286475
123,2025-10-31,0.02893797276853253,0.19039861601672317,0.5588177339901478,0.8701466781708369,0.4991119005328597,0.999597464023347,0.6773680864589955,0.030892770519421908,0.8324175824175825,0.8181818181818182,1,0,0,0,0.1433355,0.0001433355,0.0001433355
124,2025-11-01,0.13196974281391832,0.21715562603618546,0.534384236453202,0.5401207937877479,0.3978685612788633,0.8697796115527824,0.0680228862047044,0.33798476165682967,0.8351648351648352,0.9090909090909091,1,0,0,0,0.360417,0.000360417,0.000360417
125,2025-11-02,0.2020211800302572,0.21631946947307726,0.503448275862069,0.6770923209663504,0.18472468916518653,0.7154070645063902,0.007628734901462174,0.5570779358929198,0.8379120879120879,0.9090909090909091,1,0,0,0,0.508011,0.0005080109999999999,0.0005080109999999999
126,2025-11-03,0.07601815431164902,0.14144020759749157,0.5722167487684728,0.8220448662640207,0.4049733570159858,0.9070141893931769,0.10616656071201525,0.2350287007180719,0.8406593406593408,0.9090909090909091,1,0,0,0,0.24253049999999998,0.00024253049999999998,0.00024253049999999998
127,2025-11-04,0.25782753403933434,0.19635262740575224,0.593103448275862,0.2295081967213115,0.477797513321492,0.4490288819563248,0.013668150031786395,0.7731091660282006,0.8434065934065935,0.9090909090909091,1,0,0,0,0.6255915000000001,0.0006255915000000001,0.0006255915000000001
128,2025-11-05,0.025101361573373678,0.14279535788942552,0.5337931034482758,0.7905522001725627,0.23623445825932504,0.9486766629767535,0.20851875397329941,0.044552840855816955,0.8461538461538463,0.9090909090909091,1,0,0,0,0.13525199999999998,0.00013525199999999999,0.00013525199999999999
129,2025-11-06,0.1914190620272315,0.18856772147336556,0.47763546798029555,0.5211389128559103,0.3765541740674956,0.6563349099325752,0.05975842339478703,0.5705005620399913,0.848901098901099,0.9090909090909091,1,0,0,0,0.485673,0.000485673,0.000485673
130,2025-11-07,0.07014826021180032,0.1371873423196137,0.4979310344827586,0.7456859361518549,0.28241563055062163,0.932172687933984,0.1646535282898919,0.21774982488707614,0.8516483516483517,0.9090909090909091,1,0,0,0,0.230163,0.000230163,0.000230163
131,2025-11-08,0.1559334341906203,0.17680386361998127,0.4941871921182266,0.47282139775668686,0.3268206039076376,0.7848445204790176,0.03877940241576605,0.47109099724166315,0.8543956043956045,0.9090909090909091,1,0,0,0,0.4109069999999999,0.0004109069999999999,0.0004109069999999999
132,2025-11-09,0.05423298033282905,0.11338571325596489,0.430935960591133,0.5021570319240725,0.2948490230905862,0.9876220187179228,0.2511125238397966,0.181455999426157,0.8571428571428572,0.9090909090909091,1,0,0,0,0.1966305,0.0001966305,0.0001966305
133,2025-11-10,0.07101966717095312,0.111583651697542,0.42088669950738916,0.6412855910267472,0.3108348134991119,0.9540102646674046,0.06293706293706293,0.25119875564083083,0.8598901098901099,0.9090909090909091,1,0,0,0,0.23199900000000004,0.00023199900000000004,0.00023199900000000004
134,2025-11-11,0.08122239031770045,0.14951344337922587,0.41103448275862065,0.6324417601380499,0.4511545293072824,0.8644460098621313,0.034329307056579786,0.24513301849953542,0.8626373626373627,0.9090909090909091,1,0,0,0,0.2534955,0.00025349549999999997,0.00025349549999999997
135,2025-11-12,0.04839939485627837,0.1254955669285663,0.4567487684729064,0.8940897325280415,0.24333925399644762,0.9494817349300592,0.07279084551811825,0.14636727066706537,0.8653846153846154,0.9090909090909091,1,0,0,0,0.1843395,0.00018433949999999998,0.00018433949999999998
136,2025-11-13,0.08807261724659607,0.12788870467815186,0.45832512315270935,0.8850301984469371,0.21492007104795735,0.9724262855992752,0.031150667514303877,0.2973502185122514,0.8681318681318682,0.9090909090909091,1,0,0,0,0.2679285,0.0002679285,0.0002679285
137,2025-11-14,0.08406656580937974,0.13051250630721548,0.4372413793103448,0.8371440897325282,0.17406749555950268,0.7809197947066517,0.04354736172917992,0.2785172927787346,0.870879120879121,0.9090909090909091,1,0,0,0,0.25948800000000005,0.00025948800000000005,0.00025948800000000005
138,2025-11-15,0.10280181543116493,0.11580768399048516,0.4228571428571428,0.8034943917169974,0.14564831261101246,0.7062493710375364,0.26223776223776224,0.37280775308759107,0.8736263736263737,0.9090909090909091,1,0,0,0,0.29896200000000006,0.00029896200000000006,0.00029896200000000006
139,2025-11-16,0.1252284417549168,0.11546168817126792,0.44078817733990144,0.872950819672131,0.5008880994671403,0.9779611552782528,0.1080737444373808,0.4629799215273436,0.8763736263736265,0.9090909090909091,1,0,0,0,0.3462135,0.0003462135,0.0003462135
140,2025-11-17,0.10021180030257187,0.12117061918835151,0.4220689655172414,0.8151423641069886,0.5275310834813499,0.9666901479319714,0.013668150031786395,0.35421850941882915,0.8791208791208792,0.9090909090909091,1,0,0,0,0.293505,0.000293505,0.000293505
141,2025-11-18,0.07529198184568836,0.11598068190009372,0.39743842364532017,0.8436151855047456,0.27708703374777977,0.5994767032303512,0.0006357279084551812,0.2627579455022794,0.881868131868132,0.9090909090909091,1,0,0,0,0.2410005,0.0002410005,0.0002410005
142,2025-11-19,0.1630741301059002,0.1124198082606502,0.41517241379310343,0.6835634167385678,0.09769094138543519,0.38794404749924516,0.0003178639542275906,0.6211845154192229,0.8846153846153847,0.9090909090909091,1,0,0,0,0.425952,0.000425952,0.000425952
143,2025-11-20,0.10149470499243571,0.09127081381099986,0.4043349753694581,0.8628127696289907,0.08348134991119005,0.8242930461910032,0.00572155117609663,0.4091123913551096,0.8873626373626374,0.9090909090909091,1,0,0,0,0.29620799999999997,0.00029620799999999995,0.00029620799999999995
144,2025-11-21,0.053010590015128596,0.055748576371368846,0.44492610837438423,0.9734685073339087,0.20959147424511543,0.8121163328972526,0.09885568976478067,0.24859704532590074,0.8901098901098902,0.9090909090909091,1,0,0,0,0.19405500000000003,0.00019405500000000002,0.00019405500000000002
145,2025-11-22,0.16867776096822998,0.09947379802494052,0.4195073891625616,0.7834339948231233,0.24511545293072823,0.5546945758277145,0.006357279084551812,0.6756703154206698,0.8928571428571429,0.9090909090909091,1,0,0,0,0.43775849999999994,0.00043775849999999996,0.00043775849999999996
146,2025-11-23,0.06327382753403935,0.06387947812297265,0.42344827586206896,0.8690681622088006,0.08703374777975134,0.9173794907919894,0.0775588048315321,0.2847453240874658,0.8956043956043956,0.9090909090909091,1,0,0,0,0.215679,0.000215679,0.000215679
147,2025-11-24,0.0862692889561271,0.08706119801052406,0.45044334975369454,0.8979723899913719,0.2042628774422735,0.9218073865351715,0.01144310235219326,0.35074068347167675,0.8983516483516484,0.9090909090909091,1,0,0,0,0.26412900000000006,0.00026412900000000005,0.00026412900000000005
148,2025-11-25,0.09382148260211803,0.0505874720680459,0.4896551724137931,0.9165228645383952,0.1314387211367673,0.9915467444902887,0.03242212333121424,0.45589071542551074,0.9010989010989012,0.9090909090909091,1,0,0,0,0.28004100000000004,0.000280041,0.000280041
149,2025-11-26,0.02713464447806354,0.03224969364953509,0.4993103448275862,0.9799396031061258,0.28596802841918295,0.9606521082821775,0.2428480610298792,0.1517509931011685,0.903846153846154,0.9090909090909091,1,0,0,0,0.139536,0.000139536,0.000139536
150,2025-11-27,0.07319818456883509,0.06141425791105029,0.47960591133004926,0.5856341673856775,0.5097690941385435,0.927342256214149,0.024475524475524476,0.33541511433544857,0.9065934065934067,0.9090909090909091,1,0,0,0,0.236589,0.000236589,0.000236589
151,2025-11-28,0.07678063540090774,0.07574425142362864,0.4236453201970443,0.5040983606557379,0.5097690941385435,0.9540102646674046,0.01080737444373808,0.3275470583815522,0.9093406593406594,0.9090909090909091,1,0,0,0,0.24413700000000002,0.000244137,0.000244137
152,2025-11-29,0.17278063540090774,0.07754631298205147,0.4005911330049261,0.3688524590163933,0.3392539964476022,0.6917580758780315,0.0,0.753978000859378,0.9120879120879122,0.9090909090909091,1,0,0,0,0.446403,0.000446403,0.000446403
153,2025-11-30,0.011969742813918306,0.04875657752468829,0.4360591133004926,0.7901207937877479,0.35168738898756663,0.995672738250981,0.135092180546726,0.057448829447027866,0.9148351648351649,0.9090909090909091,1,0,0,0,0.1075845,0.0001075845,0.0001075845
154,2025-12-01,0.1289440242057489,0.08066027535500611,0.32413793103448274,0.45685936151855033,0.3126110124333925,0.8134245748213745,0.007946598855689765,0.5506175003329619,0.9175824175824177,0.9999999999999999,0,0,0,1,0.354042,0.00035404200000000005,0.00035404200000000005
155,2025-12-02,0.11180635400907718,0.007020831831615365,0.30640394088669953,0.7277825711820534,0.12611012433392538,0.6164838482439368,0.006357279084551812,0.6736432871871486,0.9203296703296704,0.9999999999999999,0,0,0,1,0.317934,0.00031793399999999997,0.00031793399999999997
156,2025-12-03,0.05572163388804841,0.03578173430404383,0.3598029556650246,0.8548317515099222,0.2912966252220249,0.8376773674147125,0.027972027972027972,0.2945320194160814,0.9230769230769231,0.9999999999999999,0,0,0,1,0.19976699999999997,0.00019976699999999997,0.00019976699999999997
157,2025-12-04,0.12867776096823,0.07280328696028257,0.23862068965517239,0.3412424503882656,0.5364120781527532,0.6314783133742577,0.03719008264462809,0.5680801891415628,0.9258241758241759,0.9999999999999999,0,0,0,1,0.35348100000000005,0.00035348100000000005,0.00035348100000000005
158,2025-12-05,0.046511346444780645,0.06803142795357894,0.24197044334975365,0.4788610871440897,0.2486678507992895,0.7914863640937907,0.013668150031786395,0.2010173604173547,0.9285714285714286,0.9999999999999999,0,0,0,1,0.1803615,0.0001803615,0.0001803615
159,2025-12-06,0.018940998487140696,0.037713544294673135,0.38108374384236454,0.8011216566005177,0.37477797513321487,0.9182851967394585,0.06357279084551812,0.10306724452549401,0.9313186813186815,0.9999999999999999,0,0,0,1,0.1222725,0.00012227250000000002,0.00012227250000000002
160,2025-12-07,0.0758729198184569,0.053672601456065755,0.24492610837438422,0.5189818809318378,0.15985790408525752,0.800442789574318,0.056579783852511126,0.36227881319053723,0.9340659340659342,0.9999999999999999,0,0,0,1,0.2422245,0.0002422245,0.0002422245
161,2025-12-08,0.18247503782148264,0.07092914293952282,0.1708374384236453,0.6451682484900776,0.2682060390763765,0.33802958639428393,0.018118245390972662,0.8184027697508495,0.9368131868131869,0.9999999999999999,0,0,0,1,0.46682850000000004,0.00046682850000000003,0.00046682850000000003
162,2025-12-09,0.08363086232980335,0.05528724861241266,0.2139901477832512,0.9490940465918896,0.18294849023090587,0.7572708060782931,0.04577240940877304,0.3965544849847389,0.9395604395604397,0.9999999999999999,0,0,0,1,0.25857,0.00025857,0.00025857
163,2025-12-10,0.02838124054462935,0.03027463418150364,0.35645320197044333,0.9861949956859362,0.2113676731793961,0.9997987320116734,0.17959313413858868,0.16082108919482327,0.9423076923076924,0.9999999999999999,0,0,0,1,0.1421625,0.0001421625,0.0001421625
164,2025-12-11,0.06356429652042361,0.055921574280977465,0.2547783251231527,0.8651855047454702,0.699822380106572,0.99345879037939,0.06675143038779403,0.29898794840956977,0.9450549450549451,0.9999999999999999,0,0,0,1,0.21629099999999998,0.000216291,0.000216291
165,2025-12-12,0.13321633888048415,0.04668060260938514,0.28433497536945807,0.9242881794650559,0.44582593250444047,0.7055449330783938,0.012078830260648443,0.6598797124492151,0.9478021978021979,0.9999999999999999,0,0,0,1,0.3630435,0.0003630435,0.0003630435
166,2025-12-13,0.046765506807866876,0.03459958192171844,0.3117241379310345,0.9452113891285592,0.25754884547069273,0.8599174801247861,0.06865861411315957,0.2503160458574355,0.9505494505494506,0.9999999999999999,0,0,0,1,0.18089700000000003,0.00018089700000000004,0.00018089700000000004
167,2025-12-14,0.1592980332829047,0.05003964535428532,0.16512315270935962,0.8882657463330457,0.35879218472468916,0.4505383918687732,0.018753973299427844,0.7777134867909303,0.9532967032967034,0.9999999999999999,0,0,0,1,0.4179959999999999,0.0004179959999999999,0.0004179959999999999
168,2025-12-15,0.07701059001512861,0.05055863908311112,0.24216748768472904,0.9294650560828299,0.28596802841918295,0.8147328167454965,0.07596948506039415,0.3737895333532786,0.9560439560439561,0.9999999999999999,0,0,0,1,0.24462150000000005,0.00024462150000000005,0.00024462150000000005
169,2025-12-16,0.08263842662632376,0.04100050457723639,0.3310344827586207,0.9657031924072474,0.3978685612788633,0.9342860018114119,0.015575333757151939,0.4215058398124749,0.9587912087912088,0.9999999999999999,0,0,0,1,0.256479,0.000256479,0.000256479
170,2025-12-17,0.0,0.0,0.4287684729064039,0.9471527178602241,0.5115452930728241,0.9081211633289724,0.02765416401780038,0.037574297044220606,0.9615384615384617,0.9999999999999999,0,0,0,1,0.08236500000000001,8.2365e-05,8.2365e-05
171,2025-12-18,0.05173978819969743,0.009687882938081177,0.4009852216748768,0.9117773943054357,0.3321492007104796,0.8729998993660057,0.0012714558169103624,0.32282993701832374,0.9642857142857144,0.9999999999999999,0,0,0,1,0.1913775,0.00019137750000000002,0.00019137750000000002
172,2025-12-19,0.024350983358547663,0.012455849491818632,0.5091625615763546,0.6885245901639345,0.8383658969804618,0.9960752742276341,0.2565162110616656,0.16313641910465634,0.9670329670329672,0.9999999999999999,0,0,0,1,0.13367099999999998,0.00013367099999999997,0.00013367099999999997
173,2025-12-20,0.07271406959152799,0.04065450875801921,0.3633497536945813,0.34792924935289027,0.5364120781527532,0.7230552480627955,0.07056579783852512,0.37204715744564454,0.9697802197802199,0.9999999999999999,0,0,0,1,0.23556900000000003,0.00023556900000000003,0.00023556900000000003
174,2025-12-21,0.08792738275340398,0.04381172060837599,0.37241379310344824,0.3522433132010354,0.7051509769094139,0.5938411995572104,0.014939605848696757,0.4418849475512081,0.9725274725274726,0.9999999999999999,0,0,0,1,0.26762250000000004,0.00026762250000000003,0.00026762250000000003
175,2025-12-22,0.06948260211800303,0.015267065522958284,0.25655172413793104,0.7965918895599653,0.1438721136767318,0.7491194525510716,0.05689764780673872,0.41024975239989947,0.9752747252747254,0.9999999999999999,0,0,0,1,0.2287605,0.0002287605,0.0002287605
176,2025-12-23,0.018214826021180026,0.014502991422187,0.33832512315270935,0.9137187230371011,0.2930728241563055,0.982892220992251,0.23553719008264462,0.12603712998802277,0.9780219780219781,0.9999999999999999,0,0,0,1,0.1207425,0.0001207425,0.0001207425
177,2025-12-24,0.06176096822995463,0.02594968644128884,0.35901477832512313,0.8522433132010354,0.3463587921847247,0.9538089966790781,0.04100445009535919,0.344799621746415,0.9807692307692308,0.9999999999999999,0,0,0,1,0.2124915,0.0002124915,0.0002124915
178,2025-12-25,0.09440242057488654,0.03459958192171844,0.2567487684729064,0.7808455565142365,0.5115452930728241,0.5889101338432121,0.07215511760966306,0.4966602128065283,0.9835164835164836,0.9999999999999999,0,0,0,1,0.281265,0.000281265,0.000281265
179,2025-12-26,0.08520423600605143,0.04702659842860232,0.08177339901477826,0.7236842105263157,0.3854351687388987,0.7425782429304617,0.053719008264462804,0.42130269894184835,0.9862637362637363,0.9999999999999999,0,0,0,1,0.261885,0.000261885,0.000261885
180,2025-12-27,0.12217851739788202,0.022215814892236757,0.194679802955665,0.8740293356341673,0.15808170515097691,0.4310153970011069,0.008582326764144946,0.6796257280273834,0.989010989010989,0.9999999999999999,0,0,0,1,0.3397875,0.00033978750000000004,0.00033978750000000004
181,2025-12-28,0.07730105900151288,0.012600014416492472,0.2476847290640394,0.9324849007765317,0.25932504440497334,0.7931971419945656,0.0842339478703115,0.46056358662921604,0.9917582417582419,0.9999999999999999,0,0,0,1,0.2452335,0.0002452335,0.0002452335
182,2025-12-29,0.027739788199697434,0.019938009082390268,0.40295566502463054,0.8843830888697153,0.7193605683836589,0.9694072657743784,0.2431659249841068,0.1713927146117715,0.9945054945054946,0.9999999999999999,0,0,0,1,0.14081100000000002,0.00014081100000000002,0.00014081100000000002
183,2025-12-30,0.08647503782148264,0.0595545303827579,0.18561576354679798,0.7204486626402071,0.8880994671403197,0.9514944148133239,0.01621106166560712,0.40164180780123226,0.9972527472527473,0.9999999999999999,0,0,0,1,0.26456250000000003,0.00026456250000000004,0.00026456250000000004
184,2025-12-31,0.11421482602118005,0.05834354501549774,0.2106403940886699,0.7027610008628127,0.41740674955595025,0.9112408171480325,0.07660521296884934,0.536103907126157,1.0,0.9999999999999999,0,0,0,1,0.32300850000000003,0.0003230085,0.0003230085
185,2026-01-01,0.194856278366112,0.06976140704966485,0.12709359605911325,0.7243313201035375,0.46536412078152756,0.44631176411391765,0.03242212333121424,0.878981590628675,0.0,0.0,0,0,0,1,0.492915,0.000492915,0.000492915
186,2026-01-02,0.12705597579425115,0.05968427881496438,0.21635467980295564,0.7618636755823984,0.19360568383658971,0.7706551273020025,0.008900190718372537,0.5936975069351926,0.0027472527472527475,0.0,0,0,0,1,0.350064,0.000350064,0.000350064
187,2026-01-03,0.1300816944024206,0.06141425791105029,0.17576354679802952,0.7243313201035375,0.3090586145648313,0.7503270604810305,0.0340114431023522,0.6034409340353563,0.005494505494505494,0.0,0,0,0,1,0.356439,0.000356439,0.000356439
188,2026-01-04,0.12475642965204237,0.057060477185900654,0.14246305418719213,0.68809318377912,0.19005328596802845,0.479520982187783,0.0050858232676414495,0.5896491397145605,0.008241758241758242,0.0,0,0,0,1,0.34521899999999994,0.00034521899999999996,0.00034521899999999996
189,2026-01-05,0.13591527987897128,0.05557557846176028,0.16177339901477833,0.9003451251078514,0.24156305506216696,0.6279561235785448,0.08836617927527017,0.6471950498152343,0.01098901098901099,0.0,0,0,0,1,0.36873,0.00036873,0.00036873
190,2026-01-06,0.0442965204236006,0.016132055071001267,0.24886699507389162,0.9682916307161347,0.3161634103019538,0.9976854181342457,0.06039415130324221,0.2685925141789275,0.013736263736263736,0.0,0,0,0,1,0.175695,0.000175695,0.000175695
191,2026-01-07,0.03947957639939486,0.013119008145318273,0.3663054187192118,0.9874892148403798,0.28596802841918295,0.9367012176713293,0.0880483153210426,0.24706623258982893,0.016483516483516484,0.0,0,0,0,1,0.165546,0.000165546,0.000165546
192,2026-01-08,0.03373071104387292,0.06121242701650689,0.3879802955665025,0.9937446074201897,0.23090586145648312,0.9705142397101739,0.007310870947234584,0.1496804340617929,0.019230769230769232,0.0,0,0,0,1,0.15343350000000003,0.00015343350000000003,0.00015343350000000003
193,2026-01-09,0.008714069591527991,0.007510992575506387,0.48354679802955663,0.930327868852459,0.7335701598579041,0.9232162624534567,0.12746344564526382,0.08055480466542783,0.02197802197802198,0.0,0,0,0,1,0.10072500000000001,0.00010072500000000001,0.00010072500000000001
194,2026-01-10,0.15183055975794252,0.07082822749225112,0.41103448275862065,0.6637187230371009,0.46181172291296624,0.8282177719633691,0.21741894469167194,0.6787067635286388,0.024725274725274728,0.0,0,0,0,1,0.40226249999999997,0.00040226249999999997,0.00040226249999999997
195,2026-01-11,0.08398184568835099,0.07016506883875154,0.3968472906403941,0.8060828300258844,0.6838365896980462,0.847539498842709,0.12492053401144311,0.3698856791012143,0.027472527472527476,0.0,0,0,0,1,0.25930949999999997,0.00025930949999999995,0.00025930949999999995
196,2026-01-12,0.01261119515885023,0.06266849275571254,0.34837438423645317,0.8444779982743746,0.5150976909413855,0.9212035825701921,0.05530832803560076,0.048930883128824015,0.03021978021978022,0.0,0,0,0,1,0.108936,0.000108936,0.000108936
197,2026-01-13,0.06721936459909228,0.06875225257694809,0.4396059113300492,0.940681622088007,0.5062166962699822,0.9697091677568681,0.07469802924348379,0.2953538561738567,0.032967032967032975,0.0,0,0,0,1,0.22399199999999997,0.00022399199999999998,0.00022399199999999998
198,2026-01-14,0.03532829046898638,0.06411014200245083,0.4703448275862069,0.9329163071613462,0.5133214920071049,0.9999999999999999,0.01652892561983471,0.15387386360625613,0.03571428571428572,0.0,0,0,0,1,0.15679949999999998,0.00015679949999999998,0.00015679949999999998
199,2026-01-15,0.029773071104387296,0.0743891011316947,0.21714285714285714,0.718723037100949,0.7104795737122558,0.9243232363892522,0.24507310870947235,0.11742847682943017,0.03846153846153847,0.0,0,0,0,1,0.145095,0.000145095,0.000145095
200,2026-01-16,0.23409379727685328,0.11750883010163635,0.1192118226600985,0.6486194995685934,0.4227353463587922,0.47116836067223505,0.026382708200890018,0.8917837568932022,0.041208791208791215,0.0,0,0,0,1,0.575586,0.000575586,0.000575586
201,2026-01-17,0.11244780635400911,0.08570604771859011,0.35901477832512313,0.9784296807592754,0.39076376554174075,0.9649793700311965,0.05244755244755244,0.4671635294631651,0.04395604395604396,0.0,0,0,0,1,0.3192855,0.0003192855,0.0003192855
202,2026-01-18,0.17446293494704995,0.10113169465868962,0.32571428571428573,0.842320966350302,0.4813499111900533,0.6551273020026164,0.0034965034965034965,0.6955389391410457,0.04670329670329671,0.0,0,0,0,1,0.44994749999999994,0.0004499474999999999,0.0004499474999999999
203,2026-01-19,0.110124054462935,0.10777769768615295,0.30817733990147783,0.8910698878343402,0.477797513321492,0.9150649089262352,0.04481881754609027,0.4157797129566574,0.049450549450549455,0.0,0,0,0,1,0.31438950000000004,0.00031438950000000005,0.00031438950000000005
204,2026-01-20,0.21547957639939488,0.12954660131190085,0.19448275862068964,0.7387834339948232,0.541740674955595,0.5981684613062291,0.004767959313413859,0.7849090725700107,0.05219780219780221,0.0,0,0,0,1,0.536367,0.000536367,0.000536367
205,2026-01-21,0.10927685325264752,0.11722050025228861,0.2983251231527093,0.8487920621225193,0.566607460035524,0.9542115326557309,0.06452638270820088,0.3963180703292325,0.05494505494505495,0.0,0,0,0,1,0.3126045,0.0003126045,0.0003126045
206,2026-01-22,0.12935552193645994,0.11760974554890793,0.36216748768472906,0.8524590163934427,0.6571936056838367,0.8495521787259736,0.04513668150031786,0.47543361156727615,0.0576923076923077,0.0,0,0,0,1,0.354909,0.000354909,0.000354909
207,2026-01-23,0.19461422087745844,0.14605348518705405,0.15428571428571425,0.7364106988783434,0.6092362344582593,0.5483546341954311,0.0050858232676414495,0.6663277696386615,0.060439560439560454,0.0,0,0,0,1,0.4924050000000001,0.0004924050000000001,0.0004924050000000001
208,2026-01-24,0.26102269288956126,0.16276219995675054,0.0,0.6764452113891286,0.35879218472468916,0.2852973734527523,0.0006357279084551812,0.8649309026594533,0.06318681318681318,0.0,0,0,0,1,0.6323235,0.0006323235,0.0006323235
209,2026-01-25,0.12307413010590018,0.15418438693865785,0.08256157635467981,0.8265746333045727,0.3854351687388987,0.9785649592432322,0.11951684678957405,0.3907733878675803,0.06593406593406594,0.0,0,0,0,1,0.34167450000000005,0.00034167450000000004,0.00034167450000000004
210,2026-01-26,0.16827836611195163,0.1584660852014705,0.1333990147783251,0.9264452113891286,0.36056838365896976,0.5568078897051423,0.07914812460267007,0.5456679411749917,0.06868131868131869,0.0,0,0,0,1,0.43691700000000006,0.00043691700000000005,0.00043691700000000005
211,2026-01-27,0.20803630862329808,0.15822100482952503,0.12985221674876846,0.9652717860224334,0.2504440497335702,0.48243936801851656,0.04036872218690401,0.6879603100730655,0.07142857142857142,0.0,0,0,0,1,0.5206845,0.0005206844999999999,0.0005206844999999999
212,2026-01-28,0.20260211800302577,0.1679809702299431,0.18600985221674876,0.9792924935289045,0.23445825932504438,0.7550568582067022,0.015257469802924348,0.647966273366683,0.07417582417582418,0.0,0,0,0,1,0.5092350000000001,0.0005092350000000001,0.0005092350000000001
213,2026-01-29,0.2592193645990923,0.1718878396886038,0.13891625615763548,0.9154443485763588,0.5346358792184724,0.3991144208513635,0.025111252383979658,0.8352790146978925,0.07692307692307693,0.0,0,0,0,1,0.628524,0.000628524,0.000628524
214,2026-01-30,0.2371437216338881,0.18525192820586758,0.06266009852216747,0.9238567730802414,0.497335701598579,0.4776089362986817,0.050222504767959315,0.7292185022599029,0.07967032967032968,0.0,0,0,0,1,0.582012,0.000582012,0.000582012
215,2026-01-31,0.21054160363086238,0.19286383622864564,0.1085714285714286,0.9225625539257982,0.3179396092362345,0.7790077488175504,0.019707565162110616,0.6256885964307407,0.08241758241758242,0.0,0,0,0,1,0.5259630000000001,0.0005259630000000001,0.0005259630000000001
216,2026-02-01,0.3230983358547655,0.2060116773588986,0.03704433497536941,0.9814495254529767,0.4280639431616341,0.32112307537486157,0.029243483788938335,0.9601175337237712,0.08516483516483517,0.09090909090909091,0,0,0,1,0.763113,0.000763113,0.000763113
217,2026-02-02,0.3261724659606657,0.2021048079002379,0.11270935960591127,0.9842536669542707,0.3126110124333925,0.05736137667304014,0.007310870947234584,0.9801839379348899,0.08791208791208792,0.09090909090909091,0,0,0,1,0.76959,0.00076959,0.00076959
218,2026-02-03,0.20114977307110443,0.16726014560657396,0.24591133004926108,1.0,0.1136767317939609,0.7393579551172386,0.030832803560076286,0.644388087019317,0.09065934065934066,0.09090909090909091,0,0,0,1,0.506175,0.0005061750000000001,0.0005061750000000001
219,2026-02-04,0.2688653555219365,0.1960498810639372,0.2675862068965517,0.9583692838654012,0.39431616341030196,0.7031297172184764,0.020025429116338207,0.809744520189707,0.09340659340659341,0.09090909090909091,0,0,0,1,0.6488475000000001,0.0006488475000000001,0.0006488475000000001
220,2026-02-05,0.3249500756429652,0.22828515822100484,0.1927093596059113,0.9253666954270923,0.19538188277087037,0.261346482841904,0.0006357279084551812,0.9109032561580078,0.09615384615384616,0.09090909090909091,0,0,0,1,0.7670144999999999,0.0007670145,0.0007670145
221,2026-02-06,0.230874432677761,0.17991782599293601,0.2287684729064039,0.9898619499568593,0.30728241563055064,0.6837073563449733,0.10553083280356007,0.7197194474623195,0.09890109890109891,0.09090909090909091,0,0,0,1,0.5688030000000001,0.0005688030000000001,0.0005688030000000001
222,2026-02-07,0.3005869894099849,0.24696893245873283,0.06995073891625614,0.9135030198446938,1.0,0.44701620207306025,0.07438016528925619,0.7974686609220313,0.10164835164835165,0.09090909090909091,0,0,0,1,0.715683,0.0007156829999999999,0.0007156829999999999
223,2026-02-08,0.35559455370650533,0.24928998774598146,0.027783251231527084,0.9367989646246762,0.591474245115453,0.12005635503673139,0.0009535918626827717,0.9525161519623805,0.1043956043956044,0.09090909090909091,0,0,0,1,0.8315805000000001,0.0008315805,0.0008315805
224,2026-02-09,0.33181240544629353,0.2445902112016147,0.05911330049261082,0.9562122519413285,0.2717584369449378,0.47197343262554087,0.004132231404958678,0.8938892912278776,0.10714285714285715,0.09090909090909091,0,0,0,1,0.7814729999999999,0.0007814729999999999,0.0007814729999999999
225,2026-02-10,0.15682904689863847,0.20700641533914807,0.24157635467980293,0.9531924072476272,0.2753108348134991,0.8732011673543322,0.16083916083916083,0.4290613399302703,0.10989010989010989,0.09090909090909091,0,0,0,1,0.412794,0.000412794,0.000412794
226,2026-02-11,0.28901664145234496,0.25406184675268517,0.2916256157635468,0.9583692838654012,0.4476021314387212,0.8564959243232363,0.042275905912269554,0.7499740381840732,0.11263736263736264,0.09090909090909091,0,0,0,1,0.6913050000000001,0.000691305,0.000691305
227,2026-02-12,0.3831043872919819,0.28133785050097315,0.2102463054187192,0.9396031061259706,0.5346358792184724,0.2815739156687128,0.004767959313413859,0.9570931345696513,0.11538461538461539,0.09090909090909091,0,0,0,1,0.889542,0.000889542,0.000889542
228,2026-02-13,0.38899848714069596,0.28285158221004836,0.20078817733990145,0.9501725625539259,0.3570159857904085,0.1569890308946362,0.0003178639542275906,0.9697829401783561,0.11813186813186814,0.09090909090909091,0,0,0,1,0.9019605,0.0009019605000000001,0.0009019605000000001
229,2026-02-14,0.34299546142208776,0.2601167735889858,0.3028571428571428,0.9540552200172563,0.3836589698046181,0.4497333199154674,0.024475524475524476,0.8919252118294282,0.12087912087912088,0.09090909090909091,0,0,0,1,0.805035,0.000805035,0.000805035
230,2026-02-15,0.3173373676248109,0.21179269083831911,0.18876847290640392,0.9098360655737703,0.4067495559502664,0.46472778504578843,0.0,0.9272492145225665,0.12362637362637365,0.09090909090909091,0,0,0,1,0.7509750000000001,0.0007509750000000001,0.0007509750000000001
231,2026-02-16,0.2502390317700454,0.16604916023931385,0.3511330049261084,0.9728213977566869,0.2504440497335702,0.6711281070745697,0.028607755880483154,0.8186396847065655,0.1263736263736264,0.09090909090909091,0,0,0,1,0.6096030000000001,0.0006096030000000001,0.0006096030000000001
232,2026-02-17,0.203945537065053,0.18362286455705326,0.4514285714285714,0.9788610871440895,0.24511545293072823,0.7526416423467845,0.032739987285441835,0.6214237924180029,0.12912087912087913,0.09090909090909091,0,0,0,1,0.5120655000000001,0.0005120655000000001,0.0005120655000000001
233,2026-02-18,0.35989107413010596,0.32060837598212355,0.3217733990147783,0.9260138050043141,0.39076376554174075,0.7092683908624333,0.0,0.8176955213457061,0.1318681318681319,0.09090909090909091,0,0,0,1,0.840633,0.0008406329999999999,0.0008406329999999999
234,2026-02-19,0.4167382753403934,0.31391912347725803,0.2796059113300492,0.9288179465056086,0.38898756660746003,0.4275938411995571,0.0,0.9757401732897385,0.13461538461538464,0.09090909090909091,0,0,0,1,0.9604065,0.0009604065000000001,0.0009604065000000001
235,2026-02-20,0.19569137670196673,0.28759460823181726,0.33674876847290636,0.947799827437446,0.744227353463588,0.8637415719029887,0.13731722822631914,0.43868207624979005,0.13736263736263737,0.09090909090909091,0,0,0,1,0.4946745,0.0004946745,0.0004946745
236,2026-02-21,0.3088653555219365,0.28440856339652565,0.2634482758620689,0.9376617773943057,0.4724689165186501,0.5617389554191405,0.06261919898283534,0.7491920344875314,0.14010989010989014,0.09090909090909091,0,0,0,1,0.733125,0.000733125,0.000733125
237,2026-02-22,0.234178517397882,0.2842355654869171,0.2959605911330049,0.9803710094909404,0.43694493783303734,0.7081614169266378,0.008582326764144946,0.5470550384737687,0.14285714285714288,0.09090909090909091,0,0,0,1,0.5757644999999999,0.0005757644999999999,0.0005757644999999999
238,2026-02-23,0.38758245083207266,0.32614430908959857,0.3355665024630542,0.9424072476272647,0.6376554174067496,0.7109791687632081,0.008264462809917356,0.8773212864015628,0.14560439560439561,0.09090909090909091,0,0,0,1,0.898977,0.000898977,0.000898977
239,2026-02-24,0.34708623298033286,0.38467526850717226,0.1367487684729064,0.938308886971527,0.4706927175843695,0.5795511723860319,0.003814367450731087,0.6849022981224542,0.14835164835164838,0.09090909090909091,0,0,0,1,0.8136539999999999,0.0008136539999999999,0.0008136539999999999
240,2026-02-25,0.20652344931921332,0.3498450227059756,0.336551724137931,0.9704486626402069,0.43694493783303734,0.9754453054241721,0.13572790845518118,0.3980871948695037,0.15109890109890112,0.09090909090909091,0,0,0,1,0.517497,0.000517497,0.000517497
241,2026-02-26,0.41003328290468993,0.39863043321559866,0.2658128078817734,0.9066005176876617,0.38721136767317943,0.7384522491697694,0.006357279084551812,0.8057969233985243,0.15384615384615385,0.09090909090909091,0,0,0,1,0.9462795000000002,0.0009462795000000001,0.0009462795000000001
242,2026-02-27,0.32154916792738275,0.3538816405968429,0.35093596059113297,0.9665660051768765,0.3570159857904085,0.635101137164134,0.019707565162110616,0.6693187563842521,0.15659340659340662,0.09090909090909091,0,0,0,1,0.7598490000000001,0.0007598490000000002,0.0007598490000000002
243,2026-02-28,0.36835098335854766,0.35091184314856205,0.4108374384236453,0.8824417601380499,0.7069271758436946,0.831739961759082,0.02066115702479339,0.7862101292841769,0.15934065934065936,0.09090909090909091,0,0,0,1,0.8584574999999999,0.0008584574999999999,0.0008584574999999999
244,2026-03-01,0.5245627836611195,0.4363439775102719,0.16945812807881772,0.7959447799827439,0.43694493783303734,0.18808493509107374,0.010171646535282899,0.990766125172757,0.16208791208791212,0.1818181818181818,0,1,0,0,1.1875859999999998,0.0011875859999999998,0.0011875859999999998
245,2026-03-02,0.5134402420574886,0.43807395660635773,0.1578325123152709,0.7860224331320103,0.2717584369449378,0.13434638220790981,0.0,0.9644330626360486,0.16483516483516486,0.1818181818181818,0,1,0,0,1.1641515,0.0011641515,0.0011641515
246,2026-03-03,0.35011195158850233,0.406819000937072,0.3284729064039409,0.9357204486626403,0.22380106571936054,0.8494515447318103,0.00540368722186904,0.6614907639834531,0.1675824175824176,0.1818181818181818,0,1,0,0,0.8200290000000001,0.0008200290000000001,0.0008200290000000001
247,2026-03-04,0.45806959152798793,0.38479060044691127,0.4139901477832512,0.894521138912856,0.30728241563055064,0.5386937707557613,0.006675143038779402,0.9371880904199169,0.17032967032967036,0.1818181818181818,0,1,0,0,1.0474890000000001,0.0010474890000000002,0.0010474890000000002
248,2026-03-05,0.3325627836611196,0.38758739998558356,0.3688669950738916,0.8207506471095771,0.5097690941385435,0.710475998792392,0.003814367450731087,0.6479394883373012,0.1730769230769231,0.1818181818181818,0,1,0,0,0.7830540000000001,0.0007830540000000002,0.0007830540000000002
249,2026-03-06,0.42327382753403936,0.42003892452966196,0.40709359605911327,0.855478861087144,0.3783303730017762,0.710475998792392,0.013350286077558804,0.801908244102207,0.17582417582417584,0.1818181818181818,0,1,0,0,0.9741765,0.0009741765,0.0009741765
250,2026-03-07,0.12900453857791228,0.3214301160527644,0.5968472906403941,0.951035375323555,0.6678507992895204,0.9852068028580052,0.6369993642720915,0.2318027174885882,0.1785714285714286,0.1818181818181818,0,1,0,0,0.3541695,0.00035416950000000005,0.00035416950000000005
251,2026-03-08,0.3526293494704993,0.4565126504721402,0.5670935960591132,0.5427092320966349,0.680284191829485,0.8566971923115627,0.060076287349014615,0.6056489497985587,0.18131868131868134,0.1818181818181818,0,1,0,0,0.8253330000000001,0.0008253330000000001,0.0008253330000000001
252,2026-03-09,0.36190015128593045,0.42295105600807337,0.614975369458128,0.5222174288179464,0.7904085257548846,0.8118144309147629,0.028289891926255563,0.6659651502649494,0.18406593406593408,0.1818181818181818,0,1,0,0,0.8448659999999999,0.0008448659999999999,0.0008448659999999999
253,2026-03-10,0.2914856278366112,0.3871404887190947,0.5672906403940886,0.487057808455565,0.4795737122557727,0.805273221294153,0.003178639542275906,0.5554527517097522,0.18681318681318684,0.1818181818181818,0,1,0,0,0.696507,0.000696507,0.000696507
254,2026-03-11,0.050287443267776115,0.3352699488214518,0.4500492610837438,0.7694132873166524,0.5648312611012434,0.9898359665895138,0.5829624920534011,0.02711717407113176,0.18956043956043958,0.1818181818181818,0,1,0,0,0.18831749999999997,0.00018831749999999997,0.00018831749999999997
255,2026-03-12,0.2618577912254161,0.5134289627333671,0.3714285714285714,0.5504745470232959,0.7726465364120781,0.9497836369125489,0.0575333757151939,0.37405791694723745,0.19230769230769235,0.1818181818181818,0,1,0,0,0.6340830000000001,0.000634083,0.000634083
256,2026-03-13,0.21797276853252653,0.5146399481006272,0.4035467980295566,0.5187661777394306,0.4014209591474245,0.8529737345275233,0.12364907819453275,0.29049177173708174,0.19505494505494508,0.1818181818181818,0,1,0,0,0.5416200000000001,0.0005416200000000001,0.0005416200000000001
257,2026-03-14,0.21950983358547657,0.4817703452749946,0.4015763546798029,0.8492234685073341,0.522202486678508,0.7387541511522592,0.11729179910998093,0.3155557445540873,0.19780219780219782,0.1818181818181818,0,1,0,0,0.5448584999999999,0.0005448584999999999,0.0005448584999999999
258,2026-03-15,0.2322904689863843,0.4528364448929576,0.3864039408866995,0.7663934426229508,0.5612788632326821,0.8697796115527824,0.08741258741258741,0.3630278983964852,0.2005494505494506,0.1818181818181818,0,1,0,0,0.5717865000000001,0.0005717865000000001,0.0005717865000000001
259,2026-03-16,0.16188804841149776,0.42757875009010315,0.5643349753694581,0.8874029335634166,0.6856127886323269,0.9651806380195228,0.3413858868404323,0.23419580718464647,0.20329670329670332,0.1818181818181818,0,1,0,0,0.42345299999999997,0.00042345299999999996,0.00042345299999999996
260,2026-03-17,0.410819969742814,0.5699271967130398,0.31940886699507387,0.3617342536669541,0.9431616341030196,0.7359363993156887,0.11665607120152574,0.5958948561239062,0.20604395604395606,0.1818181818181818,0,1,0,0,0.947937,0.000947937,0.000947937
261,2026-03-18,0.5488411497730712,0.5733583219202768,0.32413793103448274,0.21527178602243313,0.27886323268206037,0.5785448324443996,0.00540368722186904,0.83376483308025,0.20879120879120883,0.1818181818181818,0,1,0,0,1.238739,0.001238739,0.001238739
262,2026-03-19,0.17045688350983362,0.48879117710661,0.4388177339901478,0.7100949094046594,0.43872113676731794,0.8527724665391968,0.07151938970120789,0.2149884547754118,0.21153846153846156,0.1818181818181818,0,1,0,0,0.441507,0.000441507,0.000441507
263,2026-03-20,0.19089863842662638,0.510487998270021,0.4185221674876847,0.661993097497843,0.26287744227353466,0.8965482540002012,0.0708836617927527,0.24189403060452377,0.2142857142857143,0.1818181818181818,0,1,0,0,0.4845765000000001,0.0004845765000000001,0.0004845765000000001
264,2026-03-21,0.46891376701966725,0.5787789230880127,0.45753694581280785,0.5258843830888695,0.17229129662522202,0.8159404246754552,0.019071837253655435,0.6882131056042667,0.21703296703296707,0.1818181818181818,0,1,0,0,1.070337,0.0010703370000000002,0.0010703370000000002
265,2026-03-22,0.18297125567322242,0.481972176169538,0.4522167487684729,0.697799827437446,0.4742451154529307,0.9445506692160611,0.10203432930705658,0.24348240465183354,0.2197802197802198,0.1818181818181818,0,1,0,0,0.467874,0.000467874,0.000467874
266,2026-03-23,0.5025476550680787,0.6015858141714121,0.39881773399014775,0.5168248490077652,0.4298401420959147,0.4667404649290529,0.003814367450731087,0.7211315791253066,0.22252747252747254,0.1818181818181818,0,1,0,0,1.1412015,0.0011412015,0.0011412015
267,2026-03-24,0.5124841149773072,0.6193325163987602,0.40669950738916255,0.47109577221742893,0.4316163410301954,0.6001811411894937,0.01144310235219326,0.7186837409209886,0.2252747252747253,0.1818181818181818,0,1,0,0,1.162137,0.001162137,0.001162137
268,2026-03-25,0.5664508320726174,0.5773949398111441,0.4023645320197044,0.5086281276962898,0.3037300177619893,0.6592532957633088,0.03973299427844883,0.859315291587832,0.22802197802197804,0.1818181818181818,0,1,0,0,1.2758415000000003,0.0012758415000000004,0.0012758415000000004
269,2026-03-26,0.18131316187594557,0.5182296547250055,0.4868965517241379,0.8474978429680757,0.2468916518650089,0.9705142397101739,0.10489510489510488,0.21948066053945267,0.2307692307692308,0.1818181818181818,0,1,0,0,0.4643805,0.0004643805,0.0004643805
270,2026-03-27,0.7212950075642967,0.6804440279679955,0.3178325123152709,0.22735116479723905,0.5452930728241563,0.3560430713495018,0.012078830260648443,0.9806069182638742,0.23351648351648355,0.1818181818181818,0,1,0,0,1.6020885000000002,0.0016020885000000002,0.0016020885000000002
271,2026-03-28,0.5057065052950076,0.6518272904202409,0.3529064039408867,0.4473684210526314,0.3783303730017762,0.5674750930864445,0.003814367450731087,0.6746528914230306,0.23626373626373628,0.1818181818181818,0,1,0,0,1.1478570000000001,0.0011478570000000002,0.0011478570000000002
272,2026-03-29,0.5387352496217852,0.6163915519354143,0.48216748768472906,0.5752804141501295,0.3783303730017762,0.771762101237798,0.009853782581055308,0.7653865473070344,0.23901098901098905,0.1818181818181818,0,1,0,0,1.2174465,0.0012174465,0.0012174465
273,2026-03-30,0.42911951588502273,0.5610322208606646,0.5633497536945813,0.7116048317515098,0.35879218472468916,0.9431417932977759,0.004767959313413859,0.637129527993366,0.2417582417582418,0.1818181818181818,0,1,0,0,0.986493,0.000986493,0.000986493
274,2026-03-31,0.15052344931921333,0.5625603690622073,0.5442364532019704,0.670621225194133,0.4245115452930729,0.993056254402737,0.28607755880483154,0.14214013996142746,0.24450549450549453,0.1818181818181818,0,1,0,0,0.3995085,0.0003995085,0.0003995085
275,2026-04-01,0.4425658093797277,0.6754559215742811,0.4778325123152709,0.4764883520276102,0.41385435168738904,0.8479420348193619,0.04100445009535919,0.5542093045159832,0.24725274725274726,0.2727272727272727,0,1,0,0,1.0148235,0.0010148235000000002,0.0010148235000000002
276,2026-04-02,0.4881089258698942,0.649650400057666,0.4849261083743842,0.6078515962036237,0.5150976909413855,0.9249270403542316,0.12396694214876032,0.6486600240649961,0.25000000000000006,0.2727272727272727,0,1,0,0,1.11078,0.00111078,0.00111078
277,2026-04-03,0.18500453857791227,0.5492395300223456,0.6573399014778325,0.6494823123382225,0.699822380106572,0.870484049511925,0.11411315956770501,0.2099032943175516,0.2527472527472528,0.2727272727272727,0,1,0,0,0.47215799999999997,0.000472158,0.000472158
278,2026-04-04,0.21425718608169445,0.6245657031644202,0.5241379310344827,0.5843399482312339,0.586145648312611,0.7428801449129514,0.19739351557533374,0.22285088823876922,0.25549450549450553,0.2727272727272727,0,1,0,0,0.5337915000000001,0.0005337915000000001,0.0005337915000000001
279,2026-04-05,0.29648411497730714,0.629121314784113,0.6039408866995074,0.47217428817946505,0.7069271758436946,0.9929556204085739,0.3610934520025429,0.3551490327110317,0.25824175824175827,0.2727272727272727,0,1,0,0,0.7070385,0.0007070385000000001,0.0007070385000000001
280,2026-04-06,0.3798487140695916,0.7079795285806965,0.4648275862068965,0.3369283865401209,0.4742451154529307,0.8818556908523698,0.002860775588048315,0.4345176552747121,0.260989010989011,0.2727272727272727,0,1,0,0,0.8826825,0.0008826825,0.0008826825
281,2026-04-07,0.4324599092284418,0.7051827290420242,0.40729064039408863,0.25366695427092334,0.4298401420959147,0.6263459796719331,0.020343293070565798,0.5154988988931694,0.26373626373626374,0.2727272727272727,0,1,0,0,0.9935309999999999,0.000993531,0.000993531
282,2026-04-08,0.7311467473524963,0.7424781950551432,0.4754679802955665,0.1891716997411561,0.2735346358792185,0.35221897957129916,0.0003178639542275906,0.9207457466267176,0.26648351648351654,0.2727272727272727,0,1,0,0,1.6228455,0.0016228454999999999,0.0016228454999999999
283,2026-04-09,0.5448108925869894,0.6526490304908817,0.6173399014778325,0.4495254529767041,0.5541740674955595,0.5883063298782328,0.0009535918626827717,0.7361233975357923,0.2692307692307693,0.2727272727272727,0,1,0,0,1.2302475,0.0012302475,0.0012302475
284,2026-04-10,0.11032980332829048,0.5927917537663088,0.5152709359605911,0.8556945642795513,0.16873889875666076,0.9324745899164737,0.1757787666878576,0.06135308294751243,0.271978021978022,0.2727272727272727,0,1,0,0,0.314823,0.00031482300000000005,0.00031482300000000005
285,2026-04-11,0.552714069591528,0.7512578389677792,0.5233497536945813,0.4176013805004315,0.39609236234458256,0.569890308946362,0.015575333757151939,0.6549984219064768,0.27472527472527475,0.2727272727272727,0,1,0,0,1.246899,0.0012468989999999999,0.0012468989999999999
286,2026-04-12,0.19863237518910745,0.694586607078498,0.5127093596059114,0.6503451251078518,0.27886323268206037,0.8543826104458084,0.38270820089001906,0.16789206795128572,0.2774725274725275,0.2727272727272727,0,1,0,0,0.5008710000000001,0.0005008710000000001,0.0005008710000000001
287,2026-04-13,0.07207261724659608,0.5440063432566857,0.7233497536945812,0.8265746333045727,0.5275310834813499,0.9740364295058869,0.3916083916083916,0.00785652756400168,0.2802197802197803,0.2727272727272727,0,1,0,0,0.23421750000000002,0.00023421750000000003,0.00023421750000000003
288,2026-04-14,0.07811195158850229,0.6201686729618684,0.594679802955665,0.8811475409836063,0.2468916518650089,0.8761195531850658,0.4834710743801653,0.0,0.282967032967033,0.2727272727272727,0,1,0,0,0.246942,0.000246942,0.000246942
289,2026-04-15,0.18546444780635404,0.6494341526706553,0.5791133004926108,0.8682053494391719,0.16518650088809944,0.9723256516051122,0.12937062937062938,0.16519496452414398,0.28571428571428575,0.2727272727272727,0,1,0,0,0.47312699999999996,0.00047312699999999994,0.00047312699999999994
290,2026-04-16,0.1199152798789713,0.5557125351402005,0.6650246305418719,0.8690681622088006,0.1882770870337478,0.9785649592432322,0.44945963127781313,0.09035378351525106,0.2884615384615385,0.2727272727272727,0,1,0,0,0.335019,0.000335019,0.000335019
291,2026-04-17,0.7632435703479576,0.7408491314063289,0.7060098522167487,0.47109577221742893,0.18650088809946713,0.4034416826003823,0.014303877940241577,0.9691124990089316,0.29120879120879123,0.2727272727272727,0,1,0,0,1.6904715000000001,0.0016904715000000002,0.0016904715000000002
292,2026-04-18,0.5678668683812406,0.7097383406617171,0.7430541871921182,0.6108714408973253,0.5595026642984015,0.8511623226325852,0.23394787031150668,0.7147638260201704,0.29395604395604397,0.2727272727272727,0,1,0,0,1.2788249999999999,0.001278825,0.001278825
293,2026-04-19,0.31324659606656585,0.7920276796655376,0.5554679802955664,0.304141501294219,0.4547069271758437,0.9445506692160611,0.05785123966942149,0.29163812810109335,0.29670329670329676,0.2727272727272727,0,1,0,0,0.742356,0.000742356,0.000742356
294,2026-04-20,0.8322904689863844,0.8319181143227855,0.4736945812807882,0.0,0.3818827708703375,0.26144711683606714,0.003178639542275906,0.9619277301786818,0.2994505494505495,0.2727272727272727,0,1,0,0,1.8359489999999998,0.001835949,0.001835949
295,2026-04-21,0.6360181543116491,0.7865494125279321,0.5198029556650247,0.2674719585849872,0.28063943161634103,0.5947469055046795,0.006993006993006993,0.741189622494469,0.30219780219780223,0.2727272727272727,0,1,0,0,1.4224155,0.0014224155,0.0014224155
296,2026-04-22,0.6547776096822997,0.7314351618251281,0.6435467980295566,0.43248490077653146,0.11190053285968027,0.6173895541914058,0.0009535918626827717,0.8216583836108161,0.30494505494505497,0.2727272727272727,0,1,0,0,1.4619405000000003,0.0014619405000000003,0.0014619405000000003
297,2026-04-23,0.8209863842662634,0.8322929431269374,0.6102463054187192,0.3019844693701468,0.4031971580817052,0.2170675254100835,0.0,0.9465379582996044,0.3076923076923077,0.2727272727272727,0,1,0,0,1.812132,0.0018121320000000002,0.0018121320000000002
298,2026-04-24,0.8433767019667172,0.852057954299719,0.5755665024630542,0.3608714408973255,0.23623445825932504,0.02163630874509409,0.0,0.955054872788132,0.31043956043956045,0.2727272727272727,0,1,0,0,1.859307,0.0018593070000000001,0.0018593070000000001
299,2026-04-25,0.7733494704992436,0.8248540330137678,0.5966502463054187,0.35332182916307153,0.27886323268206037,0.5058870886585488,0.0,0.8909065160350181,0.31318681318681324,0.2727272727272727,0,1,0,0,1.711764,0.0017117640000000002,0.0017117640000000002
300,2026-04-26,0.8279576399394857,0.8193901823686299,0.6961576354679803,0.22454702329594478,0.14742451154529307,0.1791285096105464,0.0,0.9697743705727723,0.315934065934066,0.2727272727272727,0,1,0,0,1.82682,0.00182682,0.00182682
301,2026-04-27,0.8506989409984872,0.8246522021192245,0.7402955665024631,0.25345125107851607,0.17051509769094136,0.22562141491395793,0.0,0.9943908788757777,0.3186813186813187,0.2727272727272727,0,1,0,0,1.8747345000000002,0.0018747345000000002,0.0018747345000000002
302,2026-04-28,0.3772950075642965,0.7971022850140562,0.7184236453201971,0.45556514236410717,0.45825932504440503,0.799537083626849,0.001589319771137953,0.3770541750051397,0.32142857142857145,0.2727272727272727,0,1,0,0,0.877302,0.000877302,0.000877302
303,2026-04-29,0.19072919818456888,0.7266921358033591,0.6811822660098522,0.6904659188955997,0.19538188277087037,0.9932575223910636,0.37031150667514307,0.14426714706117902,0.3241758241758242,0.2727272727272727,0,1,0,0,0.4842195,0.00048421950000000004,0.00048421950000000004
304,2026-04-30,0.31057186081694405,0.8092553881640597,0.5885714285714285,0.6138912855910266,0.3481349911190053,0.9698098017510315,0.18308963763509217,0.2800489519220407,0.326923076923077,0.2727272727272727,0,1,0,0,0.7367205,0.0007367205,0.0007367205
305,2026-05-01,0.7285567322239033,0.8957543429683558,0.5757635467980295,0.3349870578084555,0.19715808170515098,0.5528831639327764,0.006993006993006993,0.7671585710042783,0.3296703296703297,0.36363636363636365,0,1,0,0,1.6173884999999997,0.0016173884999999997,0.0016173884999999997
306,2026-05-02,0.35437216338880484,0.8405968427881497,0.5749753694581281,0.44283865401207945,0.14742451154529307,0.9626647881654421,0.01048951048951049,0.32393460175595146,0.33241758241758246,0.36363636363636365,0,1,0,0,0.829005,0.000829005,0.000829005
307,2026-05-03,0.587945537065053,0.8624666618611693,0.5974384236453202,0.2978861087144091,0.23268206039076378,0.7763912649693064,0.0025429116338207248,0.6148495792179527,0.3351648351648352,0.36363636363636365,0,1,0,0,1.3211295,0.0013211295,0.0013211295
308,2026-05-04,0.43009984871406964,0.7550061270092988,0.6908374384236453,0.5597497842968078,0.29840142095914746,0.963872396095401,0.10012714558169103,0.4766302964615442,0.33791208791208793,0.36363636363636365,0,1,0,0,0.9885585000000001,0.0009885585,0.0009885585
309,2026-05-05,0.2643872919818457,0.6853168024219708,0.7359605911330049,0.5401207937877479,0.48490230905861453,0.9831941229747407,0.07342657342657342,0.2725252662811003,0.34065934065934067,0.36363636363636365,0,1,0,0,0.6394124999999999,0.0006394125,0.0006394125
310,2026-05-06,0.3671285930408472,0.7901823686297126,0.6421674876847291,0.4909404659188956,0.14920071047957373,0.9971822481634295,0.031468531468531465,0.3668579615451151,0.34340659340659346,0.36363636363636365,0,1,0,0,0.855882,0.0008558820000000001,0.0008558820000000001
311,2026-05-07,0.5776338880484115,0.8990701362358541,0.592512315270936,0.2998274374460743,0.3836589698046181,0.8997685418134245,0.013032422123331213,0.5760077473440856,0.3461538461538462,0.36363636363636365,0,1,0,0,1.2994035,0.0012994035,0.0012994035
312,2026-05-08,0.5121936459909229,0.8784545520074968,0.5986206896551725,0.3254961173425368,0.2753108348134991,0.9125490590721544,0.0006357279084551812,0.5070141524340566,0.34890109890109894,0.36363636363636365,0,1,0,0,1.161525,0.0011615249999999998,0.0011615249999999998
313,2026-05-09,0.8319394856278367,0.8420817415122902,0.6754679802955665,0.35569456427955126,0.37300177619893427,0.5368823588608231,0.10712015257469804,0.9506163707374439,0.3516483516483517,0.36363636363636365,0,1,0,0,1.8352095000000004,0.0018352095000000004,0.0018352095000000004
314,2026-05-10,0.5482965204236007,0.9212859511280908,0.6593103448275862,0.36216566005176865,0.3854351687388987,0.8040656133641942,0.01080737444373808,0.5253749197603717,0.3543956043956044,0.36363636363636365,0,1,0,0,1.2375915000000002,0.0012375915,0.0012375915
315,2026-05-11,0.5607503782148261,0.8963454191595185,0.5858128078817734,0.44132873166522857,0.23445825932504438,0.6885377880648083,0.009535918626827717,0.5567311780998224,0.3571428571428572,0.36363636363636365,0,1,0,0,1.2638310000000001,0.0012638310000000002,0.0012638310000000002
316,2026-05-12,0.7573494704992436,0.9424637785626758,0.6112315270935961,0.2590595340811046,0.14564831261101246,0.654523498037637,0.0006357279084551812,0.763832113713023,0.35989010989010994,0.36363636363636365,0,1,0,0,1.6780529999999998,0.0016780529999999999,0.0016780529999999999
317,2026-05-13,0.31623600605143726,0.765068838751532,0.6118226600985222,0.857851596203624,0.25399644760213147,0.9134547650196235,0.2733630006357279,0.3088786908168155,0.3626373626373627,0.36363636363636365,0,1,0,0,0.7486545000000001,0.0007486545000000001,0.0007486545000000001
318,2026-05-14,0.2329319213313162,0.802782383046205,0.6555665024630541,0.6522864538395168,0.13499111900532862,0.9801751031498438,0.06706929434202161,0.17714847325458952,0.3653846153846154,0.36363636363636365,0,1,0,0,0.5731379999999999,0.000573138,0.000573138
319,2026-05-15,0.3790983358547655,0.8205002522886183,0.7255172413793103,0.5886540120793786,0.14742451154529307,0.8330482036832041,0.02066115702479339,0.3668839606519668,0.36813186813186816,0.36363636363636365,0,1,0,0,0.8811015,0.0008811015,0.0008811015
320,2026-05-16,0.4666989409984872,0.8693144957831761,0.7596059113300493,0.49396031061259715,0.3392539964476022,0.5473482942537988,0.004450095359186269,0.4544845915378637,0.3708791208791209,0.36363636363636365,0,1,0,0,1.0656705,0.0010656705,0.0010656705
321,2026-05-17,0.8959515885022693,0.8907374035897068,0.7844334975369458,0.4559965487489215,0.2646536412078153,0.3619804770051323,0.0019071837253655435,0.9818714354800812,0.3736263736263737,0.36363636363636365,0,1,0,0,1.970079,0.001970079,0.001970079
322,2026-05-18,0.756211800302572,0.7812585597924028,0.8411822660098522,0.47282139775668686,0.2948490230905862,0.7009157693468853,0.14907819453274,0.9133328652639027,0.3763736263736264,0.36363636363636365,0,1,0,0,1.675656,0.001675656,0.001675656
323,2026-05-19,0.4720484114977308,0.7412960426728178,0.9079802955665024,0.6018119068162211,0.4031971580817052,0.892925430210325,0.07279084551811825,0.5467583134724424,0.37912087912087916,0.36363636363636365,0,1,0,0,1.0769415000000002,0.0010769415000000003,0.0010769415000000003
324,2026-05-20,0.8845748865355523,0.9102140849131407,0.7931034482758621,0.24331320103537535,0.48490230905861453,0.4537586796819965,0.006993006993006993,0.9479117164469836,0.3818681318681319,0.36363636363636365,0,1,0,0,1.946109,0.0019461090000000001,0.0019461090000000001
325,2026-05-21,1.0,1.0000000000000002,0.6411822660098522,0.09426229508196715,0.2522202486678508,0.11361577941028479,0.0,0.9976091905220671,0.38461538461538464,0.36363636363636365,0,1,0,0,2.1893025,0.0021893025000000003,0.0021893025000000003
326,2026-05-22,0.9649742813918305,0.9649823397967278,0.7030541871921182,0.14042277825711813,0.07815275310834813,0.12790580658146322,0.0,0.9908950263672248,0.38736263736263743,0.36363636363636365,0,1,0,0,2.1155055,0.0021155055,0.0021155055
327,2026-05-23,0.48677760968229955,0.9527715706768546,0.7138916256157636,0.5504745470232959,0.27708703374777977,0.9984904900875514,0.03750794659885569,0.4330789759571837,0.39010989010989017,0.36363636363636365,0,1,0,0,1.107975,0.001107975,0.001107975
328,2026-05-24,0.15822087745839641,0.7811288113601961,0.7010837438423645,0.7782571182053495,0.36589698046181174,0.998691758075878,0.24761602034329308,0.08100285336240817,0.3928571428571429,0.36363636363636365,0,1,0,0,0.41572650000000005,0.00041572650000000006,0.00041572650000000006
329,2026-05-25,0.3909712556732224,0.8449650400057668,0.7836453201970444,0.5962036238136326,0.23623445825932504,0.702525913253497,0.19040050858232677,0.36980477456039174,0.39560439560439564,0.36363636363636365,0,1,0,0,0.9061170000000001,0.000906117,0.000906117
330,2026-05-26,0.8115219364599093,0.897340157139768,0.8443349753694581,0.4667817083692838,0.37477797513321487,0.32112307537486157,0.006357279084551812,0.869519052413901,0.3983516483516484,0.36363636363636365,0,1,0,0,1.7921909999999999,0.0017921909999999998,0.0017921909999999998
331,2026-05-27,0.6742148260211801,0.927167880054783,0.7938916256157635,0.41393442622950816,0.2735346358792185,0.6492905303411491,0.0022250476795931343,0.6751192994296733,0.4010989010989011,0.36363636363636365,0,1,0,0,1.5028935,0.0015028935,0.0015028935
332,2026-05-28,0.5889258698940999,0.9024003459958193,0.7351724137931035,0.49956859361518546,0.32859680284191833,0.9033913656033007,0.016846789574062302,0.5878163687716373,0.4038461538461539,0.36363636363636365,0,1,0,0,1.323195,0.0013231949999999999,0.0013231949999999999
333,2026-05-29,0.2615673222390318,0.8405968427881497,0.727487684729064,0.4398188093183779,0.48490230905861453,0.9413303814028376,0.0438652256834075,0.20184714912319332,0.40659340659340665,0.36363636363636365,0,1,0,0,0.633471,0.000633471,0.000633471
334,2026-05-30,0.8717942511346446,0.9585814171412098,0.7306403940886699,0.356125970664366,0.35168738898756663,0.4214551675556002,0.015257469802924348,0.8867005502356226,0.4093406593406594,0.36363636363636365,0,1,0,0,1.919181,0.001919181,0.001919181
335,2026-05-31,0.5007685325264751,0.9040582426295684,0.7280788177339901,0.5808886971527176,0.23623445825932504,0.8076884371540706,0.007310870947234584,0.47714161949066347,0.4120879120879121,0.36363636363636365,0,1,0,0,1.137453,0.001137453,0.001137453
336,2026-06-01,0.8268804841149774,0.9480285446550855,0.7544827586206897,0.319025021570319,0.1438721136767318,0.19955721042568178,0.006357279084551812,0.8425498922423488,0.41483516483516486,0.4545454545454545,0,0,1,0,1.8245505,0.0018245505,0.0018245505
337,2026-06-02,0.8639152798789713,0.9448136668348591,0.7936945812807882,0.40616911130284716,0.21492007104795735,0.7759887289926536,0.0,0.8897969696268849,0.4175824175824176,0.4545454545454545,0,0,1,0,1.9025805000000002,0.0019025805000000002,0.0019025805000000002
338,2026-06-03,0.9553040847201212,0.9650255892741296,0.8488669950738916,0.31190681622088,0.16341030195381884,0.23135755258126195,0.008264462809917356,0.9794442619751688,0.4203296703296704,0.4545454545454545,0,0,1,0,2.0951310000000003,0.0020951310000000005,0.0020951310000000005
339,2026-06-04,0.7836006051437218,0.9301088445181288,0.8370443349753695,0.4840379637618637,0.17761989342806395,0.6961859716212135,0.0012714558169103624,0.8058320605160287,0.42307692307692313,0.4545454545454545,0,0,1,0,1.7333625000000001,0.0017333625000000002,0.0017333625000000002
340,2026-06-05,0.5591285930408473,0.8256469400994738,0.8480788177339902,0.6145383951682484,0.07460035523978684,0.986414410787964,0.09218054672600126,0.6043339714358688,0.42582417582417587,0.4545454545454545,0,0,1,0,1.2604140000000001,0.001260414,0.001260414
341,2026-06-06,0.1773676248108926,0.767216896129172,0.8321182266009852,0.8548317515099222,0.3037300177619893,0.9836972929455569,0.5432294977749523,0.11181777808512858,0.4285714285714286,0.4545454545454545,0,0,1,0,0.4560675,0.0004560675,0.0004560675
342,2026-06-07,0.4082057488653556,0.913991205939595,0.8130049261083744,0.6477566867989646,0.35168738898756663,0.6834054543624836,0.19802924348378895,0.3573424095416913,0.43131868131868134,0.4545454545454545,0,0,1,0,0.9424290000000002,0.0009424290000000002,0.0009424290000000002
343,2026-06-08,0.9501240544629351,0.9697541988034312,0.8333004926108374,0.41846419327006057,0.09769094138543519,0.21445104156183958,0.01621106166560712,0.9687731481076459,0.43406593406593413,0.4545454545454545,0,0,1,0,2.084217,0.002084217,0.002084217
344,2026-06-09,0.9445809379727685,0.9419447848338501,0.8699507389162562,0.3498705780845557,0.08170515097690942,0.29093287712589305,0.003814367450731087,0.9894477351264178,0.43681318681318687,0.4545454545454545,0,0,1,0,2.0725379999999998,0.0020725379999999996,0.0020725379999999996
345,2026-06-10,0.23711951588502275,0.7636560224897283,0.8831527093596059,0.9003451251078514,0.12078152753108345,0.9830934889805775,0.6039415130324222,0.19753012396631112,0.4395604395604396,0.4545454545454545,0,0,1,0,0.5819610000000001,0.0005819610000000001,0.0005819610000000001
346,2026-06-11,0.5874251134644478,0.8566856483817488,0.916256157635468,0.7702761000862812,0.11722912966252219,0.855489584381604,0.10330578512396695,0.6184354907351353,0.44230769230769235,0.4545454545454545,0,0,1,0,1.320033,0.001320033,0.001320033
347,2026-06-12,0.6779304084720122,0.8851582210048298,0.9160591133004925,0.6227351164797241,0.25399644760213147,0.49783636912549056,0.015257469802924348,0.7122403975868739,0.4450549450549451,0.4545454545454545,0,0,1,0,1.5107220000000003,0.0015107220000000004,0.0015107220000000004
348,2026-06-13,0.7697791225416037,0.9654725005406185,0.8559605911330049,0.5310612597066438,0.22202486678507993,0.47670323035121254,0.060076287349014615,0.76022043792536,0.4478021978021978,0.4545454545454545,0,0,1,0,1.7042415,0.0017042415,0.0017042415
349,2026-06-14,0.14218456883509836,0.7893894615440064,0.7982266009852217,0.8194564279551337,0.11545293072824156,0.9724262855992752,0.573744437380801,0.05665416302825302,0.4505494505494506,0.4545454545454545,0,0,1,0,0.38193900000000003,0.00038193900000000003,0.00038193900000000003
350,2026-06-15,0.5996490166414523,0.9621422907806533,0.7737931034482759,0.5133735979292493,0.25754884547069273,0.607326154775083,0.07151938970120789,0.5616725323865234,0.45329670329670335,0.4545454545454545,0,0,1,0,1.345788,0.0013457879999999999,0.0013457879999999999
351,2026-06-16,0.8620030257186082,0.9654725005406185,0.7806896551724138,0.4846850733390855,0.1811722912966252,0.29083224313172984,0.006993006993006993,0.8689798186411809,0.4560439560439561,0.4545454545454545,0,0,1,0,1.8985515,0.0018985515,0.0018985515
352,2026-06-17,0.6879515885022693,0.8715346356231531,0.809064039408867,0.615832614322692,0.13676731793960922,0.6872295461406862,0.03877940241576605,0.7361562576933824,0.4587912087912088,0.4545454545454545,0,0,1,0,1.5318359999999998,0.0015318359999999997,0.0015318359999999997
353,2026-06-18,0.284695915279879,0.8519858718373822,0.8163546798029557,0.8067299396031062,0.2682060390763765,0.9889302606420447,0.5279720279720279,0.22783255118053433,0.46153846153846156,0.4545454545454545,0,0,1,0,0.6822015,0.0006822015,0.0006822015
354,2026-06-19,0.3405264750378215,0.9168600879406043,0.8021674876847291,0.7532355478861088,0.3570159857904085,0.9867163127704537,0.39287984742530196,0.27280971618558447,0.46428571428571436,0.4545454545454545,0,0,1,0,0.799833,0.000799833,0.000799833
355,2026-06-20,0.540768532526475,0.9017371873423198,0.78935960591133,0.8149266609145815,0.28063943161634103,0.9781624232665794,0.11252383979656708,0.5283091238800203,0.4670329670329671,0.4545454545454545,0,0,1,0,1.2217305,0.0012217305,0.0012217305
356,2026-06-21,0.684320726172466,0.902429178980754,0.8157635467980295,0.6132441760138048,0.13321492007104796,0.7017208413001912,0.029243483788938335,0.706501472366637,0.46978021978021983,0.4545454545454545,0,0,1,0,1.524186,0.001524186,0.001524186
357,2026-06-22,0.5677579425113465,0.909204930440424,0.8329064039408867,0.5125107851596205,0.12611012433392538,0.8087954110898661,0.0019071837253655435,0.557005515158817,0.47252747252747257,0.4545454545454545,0,0,1,0,1.2785955000000002,0.0012785955000000002,0.0012785955000000002
358,2026-06-23,0.8061119515885024,0.9339436315144526,0.8299507389162561,0.48490077653149277,0.20781527531083482,0.4256817953104558,0.0025429116338207248,0.8298284892828308,0.4752747252747253,0.4545454545454545,0,0,1,0,1.7807925,0.0017807925,0.0017807925
359,2026-06-24,0.8334523449319213,0.9535644777625606,0.82935960591133,0.49201898188093196,0.22202486678507993,0.45778403944852564,0.008900190718372537,0.8455727675008985,0.47802197802197804,0.4545454545454545,0,0,1,0,1.838397,0.001838397,0.001838397
360,2026-06-25,0.6906505295007564,0.8823902544510921,0.8364532019704434,0.636755823986195,0.08880994671403197,0.6975948475394987,0.08169103623649078,0.7305845417310802,0.48076923076923084,0.4545454545454545,0,0,1,0,1.5375225000000001,0.0015375225,0.0015375225
361,2026-06-26,0.5163086232980334,0.8372089670583148,0.8545812807881774,0.5457290767903364,0.11012433392539966,0.7979269397202373,0.11760966306420853,0.5392637737972992,0.4835164835164836,0.4545454545454545,0,0,1,0,1.170195,0.0011701950000000002,0.0011701950000000002
362,2026-06-27,0.8835582450832073,0.9303106754126721,0.8892610837438424,0.3332614322691976,0.0,0.26929656838079896,0.013350286077558804,0.9270799838619678,0.4862637362637363,0.4545454545454545,0,0,1,0,1.9439670000000002,0.0019439670000000002,0.0019439670000000002
363,2026-06-28,0.8331860816944026,0.914784113025301,0.9166502463054187,0.1917601380500431,0.06571936056838368,0.15507698500553488,0.023521932612841703,0.8801335773455939,0.48901098901098905,0.4545454545454545,0,0,1,0,1.8378360000000002,0.0018378360000000002,0.0018378360000000002
364,2026-06-29,0.8958063540090773,0.9191378937504507,0.9048275862068966,0.35504745470232946,0.07992895204262876,0.3992150548455268,0.0019071837253655435,0.9529005022139053,0.4917582417582418,0.4545454545454545,0,0,1,0,1.969773,0.001969773,0.001969773
365,2026-06-30,0.3282057488653556,0.9191378937504507,0.8833497536945812,0.8009059534081104,0.0905861456483126,0.3992150548455268,0.3931977113795295,0.2567829343606801,0.4945054945054946,0.4545454545454545,0,0,1,0,0.7738740000000001,0.000773874,0.000773874
