id,date,ALLSKY_SFC_SW_DWN,CLRSKY_SFC_SW_DWN,T2M,RH2M,WS10M,CLOUD_AMT,PRECTOTCORR,day_of_year,month,season,ghi_clear_ratio
1,2025-07-01,4.739,7.601,23.8,79.48,1.73,80.13,3.79,182,7,summer,0.623470595974214
2,2025-07-02,6.7241,7.5324,22.55,74.06,1.86,30.95,0.14,183,7,summer,0.8926902448090914
3,2025-07-03,4.459,7.5986,19.42,73.04,2.06,62.78,2.04,184,7,summer,0.5868186244834575
4,2025-07-04,8.011,8.2169,17.91,70.3,1.82,9.88,0.29,185,7,summer,0.9749418880599737
5,2025-07-05,5.0779,7.831,20.07,73.1,1.91,84.87,0.18,186,7,summer,0.6484357042523304
6,2025-07-06,4.7311,7.5612,24.92,79.98,1.61,89.05,5.62,187,7,summer,0.6257075596466168
7,2025-07-07,1.8473,7.1974,21.55,93.31,1.69,95.7,16.17,188,7,summer,0.2566621279906633
8,2025-07-08,6.6415,7.8679,20.81,74.24,1.05,59.44,1.92,189,7,summer,0.8441261327673204
9,2025-07-09,6.1589,7.571,22.29,74.02,0.91,68.3,3.18,190,7,summer,0.8134856690001321
10,2025-07-10,6.0787,7.6152,23.41,72.25,0.86,59.4,1.73,191,7,summer,0.7982324824036139
11,2025-07-11,6.8491,7.489,24.46,70.76,0.89,40.47,0.26,192,7,summer,0.9145546801976232
12,2025-07-12,6.7997,7.4009,25.39,74.21,1.55,32.04,0.27,193,7,summer,0.9187666364901566
13,2025-07-13,4.8024,7.2785,25.12,87.13,1.83,66.82,2.77,194,7,summer,0.6598062787662292
14,2025-07-14,5.5006,7.1506,23.33,75.27,1.42,62.77,1.19,195,7,summer,0.7692501328559842
15,2025-07-15,6.8347,7.2586,24.53,70.46,1.36,23.83,0.19,196,7,summer,0.9416003085994543
16,2025-07-16,7.2511,7.4714,25.45,69.05,1.74,38.84,0.19,197,7,summer,0.9705142275878684
17,2025-07-17,3.5827,7.2394,23.27,79.74,2.7,88.96,6.14,198,7,summer,0.49488907920545905
18,2025-07-18,8.0112,8.1415,18.89,62.66,1.58,9.19,1.29,199,7,summer,0.9839955782104035
19,2025-07-19,6.3235,7.6351,18.87,74.99,1.42,72.19,2.47,200,7,summer,0.8282144307212741
20,2025-07-20,4.9092,7.3195,19.72,77.47,1.55,75.34,3.12,201,7,summer,0.670701550652367
21,2025-07-21,6.6914,7.9399,16.53,67.86,2.12,30.28,0.2,202,7,summer,0.8427562059975566
22,2025-07-22,7.3327,8.0345,17.05,67.51,1.02,38.04,0.07,203,7,summer,0.912651689588649
23,2025-07-23,7.5194,7.7875,20.28,62.11,1.84,45.77,0.01,204,7,summer,0.9655730337078652
24,2025-07-24,6.3118,7.4131,25.07,69.48,2.53,59.63,2.86,205,7,summer,0.8514386693825795
25,2025-07-25,6.2719,7.146,23.9,74.2,2.07,47.36,1.69,206,7,summer,0.8776798208788132
26,2025-07-26,6.4992,7.0428,23.01,71.0,1.51,46.42,0.12,207,7,summer,0.9228147895723292
27,2025-07-27,4.7825,6.8731,25.12,75.86,1.31,48.59,0.5,208,7,summer,0.6958286653766131
28,2025-07-28,6.666,6.9158,26.58,67.4,1.51,23.53,0.09,209,7,summer,0.9638798114462536
29,2025-07-29,6.4337,7.1309,24.7,62.34,1.58,37.69,0.0,210,7,summer,0.9022283302247963
30,2025-07-30,4.9392,6.7858,22.38,67.19,1.83,76.5,0.11,211,7,summer,0.7278729110790179
31,2025-07-31,4.6615,7.3447,18.24,63.36,2.03,72.69,0.4,212,7,summer,0.6346753441256962
32,2025-08-01,7.1789,7.6577,17.83,55.67,1.72,14.07,0.0,213,8,summer,0.9374746986693132
33,2025-08-02,6.2273,6.6041,20.24,58.2,1.73,17.08,0.12,214,8,summer,0.9429445344558682
34,2025-08-03,4.237,4.5578,21.89,64.44,1.81,13.4,0.02,215,8,summer,0.9296151652112861
35,2025-08-04,4.1729,5.2373,20.46,65.52,2.02,45.27,0.01,216,8,summer,0.796765508945449
36,2025-08-05,5.3484,5.9849,19.1,68.35,1.56,52.79,0.11,217,8,summer,0.8936490166920082
37,2025-08-06,6.5407,6.5551,21.39,63.68,1.69,9.98,1.81,218,8,summer,0.9978032371741087
38,2025-08-07,5.8958,6.343,22.89,69.53,1.36,42.24,0.4,219,8,summer,0.9294970833990226
39,2025-08-08,5.4679,6.192,23.66,63.5,1.72,35.1,0.01,220,8,summer,0.8830587855297157
40,2025-08-09,6.2386,6.6799,25.08,66.38,1.52,51.93,3.25,221,8,summer,0.9339361367685145
41,2025-08-10,6.5683,6.781,26.99,58.73,1.82,41.55,0.21,222,8,summer,0.9686329449933638
42,2025-08-11,6.8352,6.9113,26.38,58.14,1.65,8.58,0.25,223,8,summer,0.9889890469231549
43,2025-08-12,6.4042,6.7644,27.0,56.84,1.91,21.63,0.28,224,8,summer,0.9467506356809178
44,2025-08-13,3.5568,6.4037,25.26,73.64,1.46,79.58,6.76,225,8,summer,0.5554288926714244
45,2025-08-14,6.6982,6.947,20.88,62.5,2.21,12.25,0.55,226,8,summer,0.9641859795595221
46,2025-08-15,7.2595,7.2778,20.23,59.64,1.11,4.31,1.46,227,8,summer,0.9974855038610569
47,2025-08-16,6.6259,6.7493,23.82,59.63,1.5,11.79,1.11,228,8,summer,0.9817166224645518
48,2025-08-17,3.5078,6.4666,18.99,66.45,2.61,55.06,4.56,229,8,summer,0.5424488912256827
49,2025-08-18,6.5779,7.2079,14.71,63.29,1.55,62.06,0.65,230,8,summer,0.9125959017189471
50,2025-08-19,4.2521,6.7694,16.4,67.18,1.7,91.11,0.2,231,8,summer,0.6281354329778119
51,2025-08-20,3.9821,6.4728,17.76,77.85,1.59,72.91,0.61,232,8,summer,0.6152051662340873
52,2025-08-21,6.2633,6.7709,19.76,68.16,1.48,12.51,0.0,233,8,summer,0.9250321227606374
53,2025-08-22,6.2184,6.5191,22.47,58.82,1.14,25.73,0.0,234,8,summer,0.9538740010124097
54,2025-08-23,4.1599,6.0938,21.37,67.58,1.99,83.65,1.27,235,8,summer,0.6826446552233418
55,2025-08-24,4.7938,6.1606,22.3,69.83,2.0,66.65,2.64,236,8,summer,0.7781384930039282
56,2025-08-25,5.3743,6.4058,19.35,67.09,2.01,60.37,0.91,237,8,summer,0.8389740547628711
57,2025-08-26,3.9264,6.5225,16.01,67.73,2.13,89.63,0.76,238,8,summer,0.601977769260253
58,2025-08-27,5.0074,6.5258,16.33,59.04,1.62,64.33,0.02,239,8,summer,0.7673235465383553
59,2025-08-28,1.7467,6.0343,14.69,87.07,1.78,99.6,20.62,240,8,summer,0.28946190941782807
60,2025-08-29,3.9958,6.2424,13.6,82.33,1.92,79.72,2.81,241,8,summer,0.6401063693451237
61,2025-08-30,3.4049,6.1606,13.95,82.41,2.27,69.2,1.18,242,8,summer,0.5526896730837906
62,2025-08-31,6.223,6.2906,18.0,64.99,1.12,4.25,0.13,243,8,summer,0.9892538072679871
63,2025-09-01,5.5867,6.0972,20.46,58.83,1.0,43.43,0.0,244,9,fall,0.9162730433641673
64,2025-09-02,5.1782,5.9688,20.38,63.12,1.31,61.55,0.07,245,9,fall,0.8675445650717063
65,2025-09-03,5.8008,6.0938,19.23,63.5,1.87,24.33,0.01,246,9,fall,0.9519183432341067
66,2025-09-04,3.6943,5.6225,17.53,81.71,2.03,75.8,5.58,247,9,fall,0.6570564695420188
67,2025-09-05,4.8329,5.7343,16.83,69.09,2.81,48.58,1.95,248,9,fall,0.8428055734788902
68,2025-09-06,2.9482,5.4204,14.77,71.94,1.89,88.82,0.47,249,9,fall,0.5439081986569256
69,2025-09-07,4.0836,5.9496,14.12,65.28,2.15,65.68,0.55,250,9,fall,0.6863654699475594
70,2025-09-08,5.0921,6.065,14.05,61.73,1.44,22.46,0.45,251,9,fall,0.8395877988458368
71,2025-09-09,5.5272,5.5997,14.61,65.61,1.65,16.61,0.01,252,9,fall,0.9870528778327409
72,2025-09-10,4.9992,5.61,17.39,60.82,1.23,33.98,0.0,253,9,fall,0.8911229946524064
73,2025-09-11,5.1862,5.6695,16.22,64.41,2.03,30.76,0.0,254,9,fall,0.9147543875121263
74,2025-09-12,5.557,5.8771,14.64,62.74,1.05,50.44,0.01,255,9,fall,0.9455343621854316
75,2025-09-13,4.2053,5.387,18.5,57.9,1.1,69.84,0.16,256,9,fall,0.780638574345647
76,2025-09-14,4.8974,5.3839,17.57,73.5,1.79,31.34,0.61,257,9,fall,0.9096379947621613
77,2025-09-15,5.5046,5.5438,16.66,68.33,1.3,8.84,0.03,258,9,fall,0.992929037844078
78,2025-09-16,5.4499,5.4595,17.59,66.7,1.52,5.15,0.0,259,9,fall,0.9982415972158623
79,2025-09-17,4.4273,5.2577,18.21,72.66,1.33,77.53,0.26,260,9,fall,0.8420602164444528
80,2025-09-18,3.9048,5.0849,19.09,70.72,2.06,38.53,0.07,261,9,fall,0.767920706405239
81,2025-09-19,5.5622,5.5762,12.92,60.07,2.15,1.7,0.05,262,9,fall,0.9974893296510168
82,2025-09-20,5.5723,5.641,10.43,57.01,1.47,8.87,0.59,263,9,fall,0.987821308278674
83,2025-09-21,4.9241,5.2423,13.6,65.93,1.72,29.5,0.13,264,9,fall,0.9393014516529005
84,2025-09-22,1.2067,4.4321,16.26,90.8,1.42,96.56,6.73,265,9,fall,0.27226371246136144
85,2025-09-23,2.3299,4.2576,18.8,87.7,1.31,96.21,3.73,266,9,fall,0.5472331830139046
86,2025-09-24,4.0188,4.6159,17.66,78.85,1.8,75.68,0.11,267,9,fall,0.8706427782230983
87,2025-09-25,1.2912,4.2194,15.82,94.72,1.64,96.25,9.88,268,9,fall,0.3060150732331611
88,2025-09-26,2.0599,4.6642,16.42,83.01,1.77,71.57,0.58,269,9,fall,0.4416405814501951
89,2025-09-27,3.9967,4.7614,15.35,72.6,1.43,58.29,0.45,270,9,fall,0.8393959759734532
90,2025-09-28,4.7657,4.825,17.03,68.43,2.19,9.13,0.62,271,9,fall,0.9877098445595854
91,2025-09-29,4.7429,4.7436,17.07,60.97,1.85,0.42,0.4,272,9,fall,0.9998524327514967
92,2025-09-30,4.8917,4.9094,13.78,64.07,2.21,1.22,0.34,273,9,fall,0.9963946714466128
93,2025-10-01,4.7621,4.7678,9.6,70.0,1.86,0.92,0.84,274,10,fall,0.9988044800536935
94,2025-10-02,4.5989,4.6538,10.25,68.38,1.43,32.78,0.38,275,10,fall,0.988203188791955
95,2025-10-03,4.2595,4.471,14.77,62.61,1.79,45.85,0.0,276,10,fall,0.9526951464996645
96,2025-10-04,4.0814,4.2367,18.74,67.12,1.39,21.48,0.01,277,10,fall,0.9633441121627683
97,2025-10-05,4.2206,4.2235,19.88,67.55,1.81,0.57,0.01,278,10,fall,0.9993133656919617
98,2025-10-06,4.1093,4.2127,20.0,65.58,2.23,21.95,0.01,279,10,fall,0.9754551712678331
99,2025-10-07,1.213,3.7834,17.83,81.63,1.99,79.26,31.46,280,10,fall,0.3206110905534705
100,2025-10-08,3.3187,4.3483,10.37,74.12,2.26,52.32,1.97,281,10,fall,0.7632178092587908
101,2025-10-09,4.5132,4.5238,6.26,55.07,1.8,3.28,0.0,282,10,fall,0.9976568371722889
102,2025-10-10,4.0747,4.3442,6.51,68.02,1.96,53.37,0.03,283,10,fall,0.9379632613599742
103,2025-10-11,3.3866,3.9924,11.04,79.9,1.64,42.5,0.74,284,10,fall,0.848261697224727
104,2025-10-12,3.9782,4.0051,11.73,74.69,2.3,8.23,0.02,285,10,fall,0.993283563456593
105,2025-10-13,2.635,3.8282,11.33,74.45,2.03,68.81,0.01,286,10,fall,0.6883130452954391
106,2025-10-14,3.7231,3.8856,12.79,70.43,1.56,29.77,0.08,287,10,fall,0.9581789170269713
107,2025-10-15,3.4471,3.9929,8.49,57.82,2.56,47.47,0.0,288,10,fall,0.8633073705827844
108,2025-10-16,4.0032,4.038,6.2,66.25,2.46,13.27,0.2,289,10,fall,0.9913818722139671
109,2025-10-17,3.4034,3.8707,6.54,70.91,1.35,69.12,0.11,290,10,fall,0.8792724830134084
110,2025-10-18,2.4127,3.3444,10.57,84.3,1.82,86.85,0.85,291,10,fall,0.7214149025236216
111,2025-10-19,2.7924,3.3895,16.22,70.14,3.17,73.44,0.75,292,10,fall,0.8238383242366132
112,2025-10-20,0.7519,3.3254,13.65,86.31,2.81,99.22,19.0,293,10,fall,0.2261081373669333
113,2025-10-21,2.1821,3.5155,9.92,76.48,2.25,79.9,2.8,294,10,fall,0.620708291850377
114,2025-10-22,1.3565,3.3103,8.51,92.25,1.75,83.23,3.2,295,10,fall,0.40978159079237536
115,2025-10-23,1.4758,3.3202,7.48,87.91,1.9,82.35,1.86,296,10,fall,0.444491295705078
116,2025-10-24,1.8365,3.3298,5.85,80.42,1.69,92.27,1.05,297,10,fall,0.5515346267043065
117,2025-10-25,2.0316,3.4692,3.59,80.41,1.84,81.25,0.58,298,10,fall,0.5856105153925978
118,2025-10-26,2.2949,3.3931,3.06,79.66,1.69,51.5,0.42,299,10,fall,0.6763431670154136
119,2025-10-27,3.223,3.3838,3.68,80.8,1.73,29.69,0.09,300,10,fall,0.9524794609610497
120,2025-10-28,3.311,3.3379,4.75,85.14,1.82,11.31,0.72,301,10,fall,0.9919410407741395
121,2025-10-29,3.187,3.2779,4.68,81.39,1.72,23.85,0.43,302,10,fall,0.9722688306537722
122,2025-10-30,0.5045,2.839,4.42,93.77,2.41,91.31,20.73,303,10,fall,0.17770341669601972
123,2025-10-31,0.5621,2.9882,4.61,93.62,3.56,99.75,21.31,304,10,fall,0.18810655243959576
124,2025-11-01,1.4134,3.1738,3.37,78.32,2.99,86.85,2.14,305,11,fall,0.44533366941836283
125,2025-11-02,1.9922,3.168,1.8,84.67,1.79,71.51,0.24,306,11,fall,0.6288510101010101
126,2025-11-03,0.9511,2.6486,5.29,91.39,3.03,90.55,3.34,307,11,fall,0.3590953711394699
127,2025-11-04,2.4533,3.0295,6.35,63.92,3.44,45.04,0.43,308,11,fall,0.8098035979534577
128,2025-11-05,0.5304,2.658,3.34,89.93,2.08,94.69,6.56,309,11,fall,0.199548532731377
129,2025-11-06,1.9046,2.9755,0.49,77.44,2.87,65.64,1.88,310,11,fall,0.640094101831625
130,2025-11-07,0.9026,2.6191,1.52,87.85,2.34,93.05,5.18,311,11,fall,0.3446221984651216
131,2025-11-08,1.6114,2.8939,1.33,75.2,2.59,78.41,1.22,312,11,fall,0.5568264280037319
132,2025-11-09,0.7711,2.454,-1.88,76.56,2.41,98.56,7.9,313,11,fall,0.3142216788916055
133,2025-11-10,0.9098,2.4415,-2.39,83.01,2.5,95.22,1.98,314,11,fall,0.37263977063280773
134,2025-11-11,0.9941,2.7046,-2.89,82.6,3.29,86.32,1.08,315,11,fall,0.3675589736005324
135,2025-11-12,0.7229,2.538,-0.57,94.73,2.12,94.77,2.29,316,11,fall,0.28483057525610717
136,2025-11-13,1.0507,2.5546,-0.49,94.31,1.96,97.05,0.98,317,11,fall,0.4112972676739998
137,2025-11-14,1.0176,2.5728,-1.56,92.09,1.73,78.02,1.37,318,11,fall,0.3955223880597015
138,2025-11-15,1.1724,2.4708,-2.29,90.53,1.57,70.6,8.25,319,11,fall,0.47450218552695483
139,2025-11-16,1.3577,2.4684,-1.38,93.75,3.57,97.6,3.4,320,11,fall,0.5500324096580781
140,2025-11-17,1.151,2.508,-2.33,91.07,3.72,96.48,0.43,321,11,fall,0.45893141945773525
141,2025-11-18,0.9451,2.472,-3.58,92.39,2.31,59.99,0.02,322,11,fall,0.3823220064724919
142,2025-11-19,1.6704,2.4473,-2.68,84.97,1.3,38.97,0.01,323,11,fall,0.6825481142483554
143,2025-11-20,1.1616,2.3006,-3.23,93.28,1.22,82.33,0.18,324,11,fall,0.5049117621490046
144,2025-11-21,0.761,2.0542,-1.17,98.41,1.93,81.12,3.11,325,11,fall,0.37046051991042744
145,2025-11-22,1.7167,2.3575,-2.46,89.6,2.13,55.54,0.2,326,11,fall,0.728186638388123
146,2025-11-23,0.8458,2.1106,-2.26,93.57,1.24,91.58,2.44,327,11,fall,0.400739126314792
147,2025-11-24,1.0358,2.2714,-0.89,94.91,1.9,92.02,0.36,328,11,fall,0.4560183146957824
148,2025-11-25,1.0982,2.0184,1.1,95.77,1.49,98.95,1.02,329,11,fall,0.5440943321442727
149,2025-11-26,0.5472,1.8912,1.59,98.71,2.36,95.88,7.64,330,11,fall,0.2893401015228427
150,2025-11-27,0.9278,2.0935,0.59,80.43,3.62,92.57,0.77,331,11,fall,0.44318127537616425
151,2025-11-28,0.9574,2.1929,-2.25,76.65,3.62,95.22,0.34,332,11,fall,0.4365908158146747
152,2025-11-29,1.7506,2.2054,-3.42,70.38,2.66,69.16,0.0,333,11,fall,0.7937789063208488
153,2025-11-30,0.4219,2.0057,-1.62,89.91,2.73,99.36,4.25,334,11,fall,0.21035050107194495
154,2025-12-01,1.3884,2.227,-7.3,74.46,2.51,81.25,0.25,335,12,winter,0.6234396048495735
155,2025-12-02,1.2468,1.7162,-8.2,87.02,1.46,61.68,0.2,336,12,winter,0.7264887542244494
156,2025-12-03,0.7834,1.9157,-5.49,92.91,2.39,83.66,0.88,337,12,winter,0.4089366811087331
157,2025-12-04,1.3862,2.1725,-11.64,69.1,3.77,63.17,1.17,338,12,winter,0.6380667433831991
158,2025-12-05,0.7073,2.1394,-11.47,75.48,2.15,79.07,0.43,339,12,winter,0.3306067121622885
159,2025-12-06,0.4795,1.9291,-4.41,90.42,2.86,91.67,2.0,340,12,winter,0.2485615053651962
160,2025-12-07,0.9499,2.0398,-11.32,77.34,1.65,79.96,1.78,341,12,winter,0.4656829100892244
161,2025-12-08,1.8307,2.1595,-15.08,83.19,2.26,34.01,0.57,342,12,winter,0.8477425329937486
162,2025-12-09,1.014,2.051,-12.89,97.28,1.78,75.67,1.44,343,12,winter,0.4943929790346172
163,2025-12-10,0.5575,1.8775,-5.66,99.0,1.94,99.77,5.65,344,12,winter,0.29693741677762986
164,2025-12-11,0.8482,2.0554,-10.82,93.39,4.69,99.14,2.1,345,12,winter,0.412669066848302
165,2025-12-12,1.4237,1.9913,-9.32,96.13,3.26,70.53,0.38,346,12,winter,0.7149600763320444
166,2025-12-13,0.7094,1.9075,-7.93,97.1,2.2,85.87,2.16,347,12,winter,0.3719003931847969
167,2025-12-14,1.6392,2.0146,-15.37,94.46,2.77,45.19,0.59,348,12,winter,0.8136602799563188
168,2025-12-15,0.9593,2.0182,-11.46,96.37,2.36,81.38,2.39,349,12,winter,0.47532454662570606
169,2025-12-16,1.0058,1.9519,-6.95,98.05,2.99,93.26,0.49,350,12,winter,0.515292791638916
170,2025-12-17,0.323,1.6675,-1.99,97.19,3.63,90.66,0.87,351,12,winter,0.19370314842578712
171,2025-12-18,0.7505,1.7347,-3.4,95.55,2.62,87.17,0.04,352,12,winter,0.43263964950711936
172,2025-12-19,0.5242,1.7539,2.09,85.2,5.47,99.4,8.07,353,12,winter,0.2988767888705171
173,2025-12-20,0.9238,1.9495,-5.31,69.41,3.77,72.27,2.22,354,12,winter,0.47386509361374707
174,2025-12-21,1.0495,1.9714,-4.85,69.61,4.72,59.43,0.47,355,12,winter,0.5323627878664908
175,2025-12-22,0.8971,1.7734,-10.73,90.21,1.56,74.86,1.79,356,12,winter,0.5058644411864216
176,2025-12-23,0.4735,1.7681,-6.58,95.64,2.4,98.09,7.41,357,12,winter,0.2678015949324133
177,2025-12-24,0.8333,1.8475,-5.53,92.79,2.7,95.2,1.29,358,12,winter,0.4510419485791611
178,2025-12-25,1.103,1.9075,-10.72,89.48,3.63,58.94,2.27,359,12,winter,0.5782437745740499
179,2025-12-26,1.027,1.9937,-19.6,86.83,2.92,74.21,1.69,360,12,winter,0.5151226363043587
180,2025-12-27,1.3325,1.8216,-13.87,93.8,1.64,43.25,0.27,361,12,winter,0.7314997804128238
181,2025-12-28,0.9617,1.7549,-11.18,96.51,2.21,79.24,2.65,362,12,winter,0.548008433528976
182,2025-12-29,0.5522,1.8058,-3.3,94.28,4.8,96.75,7.65,363,12,winter,0.30579244656108096
183,2025-12-30,1.0375,2.0806,-14.33,86.68,5.75,94.97,0.51,364,12,winter,0.4986542343554744
184,2025-12-31,1.2667,2.0722,-13.06,85.86,3.1,90.97,2.41,365,12,winter,0.6112826947205868
185,2026-01-01,1.933,2.1514,-17.3,86.86,3.37,44.77,1.02,1,1,winter,0.8984847076322394
186,2026-01-02,1.3728,2.0815,-12.77,88.6,1.84,77.0,0.28,2,1,winter,0.6595243814556809
187,2026-01-03,1.3978,2.0935,-14.83,86.86,2.49,74.98,1.07,3,1,winter,0.6676856938141867
188,2026-01-04,1.3538,2.0633,-16.52,85.18,1.82,48.07,0.16,4,1,winter,0.6561333785683129
189,2026-01-05,1.446,2.053,-15.54,95.02,2.11,62.82,2.78,5,1,winter,0.7043351193375548
190,2026-01-06,0.689,1.7794,-11.12,98.17,2.53,99.56,1.9,6,1,winter,0.38720917163088675
191,2026-01-07,0.6492,1.7585,-5.16,99.06,2.36,93.5,2.77,7,1,winter,0.36917827694057437
192,2026-01-08,0.6017,2.0921,-4.06,99.35,2.05,96.86,0.23,8,1,winter,0.2876057549830314
193,2026-01-09,0.395,1.7196,0.79,96.41,4.88,92.16,4.01,9,1,winter,0.22970458246103745
194,2026-01-10,1.5775,2.1588,-2.89,84.05,3.35,82.72,6.84,10,1,winter,0.7307300352047433
195,2026-01-11,1.0169,2.1542,-3.61,90.65,4.6,84.64,3.93,11,1,winter,0.4720545910314734
196,2026-01-12,0.4272,2.1022,-6.07,92.43,3.65,91.96,1.74,12,1,winter,0.20321567881267247
197,2026-01-13,0.8784,2.1444,-1.44,96.89,3.6,96.78,2.35,13,1,winter,0.4096250699496362
198,2026-01-14,0.6149,2.1122,0.12,96.53,3.64,99.79,0.52,14,1,winter,0.2911182653157845
199,2026-01-15,0.569,2.1835,-12.73,86.6,4.75,92.27,7.71,15,1,winter,0.26059079459583234
200,2026-01-16,2.2572,2.4826,-17.7,83.35,3.13,47.24,0.83,16,1,winter,0.9092080882945299
201,2026-01-17,1.2521,2.262,-5.53,98.64,2.95,96.31,1.65,17,1,winter,0.5535366931918656
202,2026-01-18,1.7645,2.369,-7.22,92.33,3.46,65.52,0.11,18,1,winter,0.7448290417897846
203,2026-01-19,1.2329,2.4151,-8.11,94.59,3.44,91.35,1.41,19,1,winter,0.5104964597739224
204,2026-01-20,2.1034,2.5661,-13.88,87.53,3.8,59.86,0.15,20,1,winter,0.8196874634659601
205,2026-01-21,1.2259,2.4806,-8.61,92.63,3.94,95.24,2.03,21,1,winter,0.4941949528339918
206,2026-01-22,1.3918,2.4833,-5.37,92.8,4.45,84.84,1.42,22,1,winter,0.5604638988442798
207,2026-01-23,1.931,2.6806,-15.92,87.42,4.18,54.91,0.16,23,1,winter,0.7203611131836156
208,2026-01-24,2.4797,2.7965,-23.75,84.64,2.77,28.77,0.02,24,1,winter,0.8867155372787412
209,2026-01-25,1.3399,2.737,-19.56,91.6,2.92,97.66,3.76,25,1,winter,0.4895506028498356
210,2026-01-26,1.7134,2.7667,-16.98,96.23,2.78,55.75,2.49,26,1,winter,0.6192937434488741
211,2026-01-27,2.0419,2.765,-17.16,98.03,2.16,48.36,1.27,27,1,winter,0.7384810126582279
212,2026-01-28,1.997,2.8327,-14.31,98.68,2.07,75.45,0.48,28,1,winter,0.704981113425354
213,2026-01-29,2.4648,2.8598,-16.7,95.72,3.76,40.08,0.79,29,1,winter,0.861878453038674
214,2026-01-30,2.2824,2.9525,-20.57,96.11,3.55,47.88,1.58,30,1,winter,0.7730397967823878
215,2026-01-31,2.0626,3.0053,-18.24,96.05,2.54,77.83,0.62,31,1,winter,0.6863208331946894
216,2026-02-01,2.9926,3.0965,-21.87,98.78,3.16,32.33,0.92,32,2,winter,0.9664459874051349
217,2026-02-02,3.018,3.0694,-18.03,98.91,2.51,6.12,0.23,33,2,winter,0.9832540561673291
218,2026-02-03,1.985,2.8277,-11.27,99.64,1.39,73.89,0.97,34,2,winter,0.701983944548573
219,2026-02-04,2.5445,3.0274,-10.17,97.71,2.97,70.29,0.63,35,2,winter,0.8404901896016385
220,2026-02-05,3.0079,3.251,-13.97,96.18,1.85,26.39,0.02,36,2,winter,0.9252230083051368
221,2026-02-06,2.2306,2.9155,-12.14,99.17,2.48,68.36,3.32,37,2,winter,0.7650831761275938
222,2026-02-07,2.8066,3.3806,-20.2,95.63,6.38,44.84,2.34,38,2,winter,0.8302076554457789
223,2026-02-08,3.2611,3.3967,-22.34,96.71,4.08,12.35,0.03,39,2,winter,0.9600789001089292
224,2026-02-09,3.0646,3.3641,-20.75,97.61,2.28,47.32,0.13,40,2,winter,0.9109717309235754
225,2026-02-10,1.6188,3.1034,-11.49,97.47,2.3,87.19,5.06,41,2,winter,0.521621447444738
226,2026-02-11,2.711,3.4298,-8.95,97.71,3.27,85.53,1.33,42,2,winter,0.7904250976733337
227,2026-02-12,3.4884,3.619,-13.08,96.84,3.76,28.4,0.15,43,2,winter,0.9639126830616191
228,2026-02-13,3.5371,3.6295,-13.56,97.33,2.76,16.02,0.01,44,2,winter,0.9745419479267117
229,2026-02-14,3.157,3.4718,-8.38,97.51,2.91,45.11,0.77,45,2,winter,0.9093265741114119
230,2026-02-15,2.945,3.1366,-14.17,95.46,3.04,46.6,0.0,46,2,winter,0.9389147484537397
231,2026-02-16,2.3906,2.8193,-5.93,98.38,2.16,67.11,0.9,47,2,winter,0.8479409782570141
232,2026-02-17,2.0081,2.9412,-0.84,98.66,2.13,75.21,1.03,48,2,winter,0.682748538011696
233,2026-02-18,3.2966,3.8914,-7.42,96.21,2.95,70.9,0.0,49,2,winter,0.8471501259186925
234,2026-02-19,3.7663,3.845,-9.56,96.34,2.94,42.91,0.0,50,2,winter,0.9795318595578674
235,2026-02-20,1.9399,3.6624,-6.66,97.22,4.94,86.25,4.32,51,2,winter,0.52967999126256
236,2026-02-21,2.875,3.6403,-10.38,96.75,3.41,56.24,1.97,52,2,winter,0.7897700738950086
237,2026-02-22,2.2579,3.6391,-8.73,98.73,3.21,70.79,0.27,53,2,winter,0.6204556071556153
238,2026-02-23,3.5254,3.9298,-6.72,96.97,4.34,71.07,0.26,54,2,winter,0.8970939996946409
239,2026-02-24,3.1908,4.3358,-16.81,96.78,3.4,58.01,0.12,55,2,winter,0.7359195534849393
240,2026-02-25,2.0294,4.0942,-6.67,98.27,3.21,97.35,4.27,56,2,winter,0.4956768110986273
241,2026-02-26,3.7109,4.4326,-10.26,95.31,2.93,73.8,0.2,57,2,winter,0.8371835942787529
242,2026-02-27,2.9798,4.1222,-5.94,98.09,2.76,63.53,0.62,58,2,winter,0.7228664305467953
243,2026-02-28,3.3665,4.1016,-2.9,94.19,4.73,83.07,0.65,59,2,winter,0.820777257655549
244,2026-03-01,4.6572,4.6942,-15.15,90.18,3.21,19.11,0.32,60,3,spring,0.9921179327680967
245,2026-03-02,4.5653,4.7062,-15.74,89.72,2.28,13.77,0.0,61,3,spring,0.9700607708979644
246,2026-03-03,3.2158,4.4894,-7.08,96.66,2.01,84.83,0.17,62,3,spring,0.7163095291130218
247,2026-03-04,4.1078,4.3366,-2.74,94.75,2.48,53.95,0.21,63,3,spring,0.9472397730941291
248,2026-03-05,3.0708,4.356,-5.03,91.33,3.62,71.02,0.12,64,3,spring,0.7049586776859504
249,2026-03-06,3.8203,4.5811,-3.09,92.94,2.88,71.02,0.42,65,3,spring,0.833926349566698
250,2026-03-07,1.3889,3.8971,6.54,97.37,4.51,98.32,20.04,66,3,spring,0.35639321546791203
251,2026-03-08,3.2366,4.8341,5.03,78.44,4.58,85.55,1.89,67,3,spring,0.6695351771787923
252,2026-03-09,3.3132,4.6013,7.46,77.49,5.2,81.09,0.89,68,3,spring,0.7200573750896486
253,2026-03-10,2.7314,4.3529,5.04,75.86,3.45,80.44,0.1,69,3,spring,0.6274897194973466
254,2026-03-11,0.7385,3.9931,-0.91,88.95,3.93,98.78,18.34,70,3,spring,0.18494402844907465
255,2026-03-12,2.4866,5.2289,-4.9,78.8,5.1,94.8,1.81,71,3,spring,0.4755493507238616
256,2026-03-13,2.124,5.2373,-3.27,77.33,3.01,85.18,3.89,72,3,spring,0.40555247933095295
257,2026-03-14,2.1367,5.0093,-3.37,92.65,3.69,73.83,3.69,73,3,spring,0.4265466232806979
258,2026-03-15,2.2423,4.8086,-4.14,88.81,3.91,86.85,2.75,74,3,spring,0.466310360603918
259,2026-03-16,1.6606,4.6334,4.89,94.42,4.61,96.33,10.74,75,3,spring,0.3583977208961022
260,2026-03-17,3.7174,5.6208,-7.54,70.05,6.06,73.55,3.67,76,3,spring,0.6613649302590379
261,2026-03-18,4.8578,5.6446,-7.3,63.26,2.32,57.91,0.17,77,3,spring,0.8606101406654149
262,2026-03-19,1.7314,5.058,-1.48,86.2,3.22,85.16,2.25,78,3,spring,0.3423092131277185
263,2026-03-20,1.9003,5.2085,-2.51,83.97,2.23,89.51,2.23,79,3,spring,0.36484592493040224
264,2026-03-21,4.1974,5.6822,-0.53,77.66,1.72,81.5,0.6,80,3,spring,0.7386927598465384
265,2026-03-22,1.8348,5.0107,-0.8,85.63,3.42,94.28,3.21,81,3,spring,0.3661763825413615
266,2026-03-23,4.4753,5.8404,-3.51,77.24,3.17,46.8,0.12,82,3,spring,0.7662660091774536
267,2026-03-24,4.5574,5.9635,-3.11,75.12,3.18,60.06,0.36,83,3,spring,0.7642156451748136
268,2026-03-25,5.0033,5.6726,-3.33,76.86,2.46,65.93,1.25,84,3,spring,0.8820117759052287
269,2026-03-26,1.8211,5.2622,0.96,92.57,2.14,96.86,3.3,85,3,spring,0.34607198510128845
270,2026-03-27,6.2827,6.3874,-7.62,63.82,3.82,35.8,0.38,86,3,spring,0.9836083539468328
271,2026-03-28,4.5014,6.1889,-5.84,74.02,2.88,56.81,0.12,87,3,spring,0.7273344213026548
272,2026-03-29,4.7743,5.9431,0.72,79.95,2.88,77.11,0.31,88,3,spring,0.8033349598694284
273,2026-03-30,3.8686,5.5591,4.84,86.27,2.77,94.14,0.15,89,3,spring,0.6959040132395531
274,2026-03-31,1.5667,5.5697,3.87,84.37,3.14,99.1,9.0,90,3,spring,0.2812898360773471
275,2026-04-01,3.9797,6.3528,0.5,75.37,3.08,84.68,1.29,91,4,spring,0.6264481803299332
276,2026-04-02,4.356,6.1738,0.86,81.46,3.65,92.33,3.9,92,4,spring,0.7055622145194208
277,2026-04-03,1.8516,5.4773,9.61,83.39,4.69,86.92,3.59,93,4,spring,0.3380497690467931
278,2026-04-04,2.0933,5.9998,2.85,80.37,4.05,74.24,6.21,94,4,spring,0.3488949631654389
279,2026-04-05,2.7727,6.0314,6.9,75.17,4.73,99.09,11.36,95,4,spring,0.459710846569619
280,2026-04-06,3.4615,6.5784,-0.16,68.9,3.42,88.05,0.09,96,4,spring,0.5261917791560258
281,2026-04-07,3.8962,6.559,-3.08,65.04,3.17,62.66,0.64,97,4,spring,0.5940234791889007
282,2026-04-08,6.3641,6.8177,0.38,62.05,2.29,35.42,0.01,98,4,spring,0.9334672983557504
283,2026-04-09,4.8245,6.1946,7.58,74.12,3.87,58.88,0.03,99,4,spring,0.7788234914280179
284,2026-04-10,1.2346,5.7794,2.4,92.95,1.7,93.08,5.53,100,4,spring,0.2136207910855798
285,2026-04-11,4.8898,6.8786,2.81,72.64,2.98,57.05,0.49,101,4,spring,0.7108713982496438
286,2026-04-12,1.9642,6.4855,2.27,83.43,2.32,85.32,12.04,102,4,spring,0.3028602266594711
287,2026-04-13,0.9185,5.441,12.96,91.6,3.72,97.21,12.32,103,4,spring,0.1688108803528763
288,2026-04-14,0.9684,5.9693,6.43,94.13,2.14,87.48,15.21,104,4,spring,0.16223007722848576
289,2026-04-15,1.8554,6.1723,5.64,93.53,1.68,97.04,4.07,105,4,spring,0.30060107253373947
290,2026-04-16,1.3138,5.5222,10.0,93.57,1.81,97.66,14.14,106,4,spring,0.23791242620694653
291,2026-04-17,6.6293,6.8064,12.08,75.12,1.8,40.51,0.45,107,4,spring,0.9739803714151386
292,2026-04-18,5.015,6.5906,13.96,81.6,3.9,85.0,7.36,108,4,spring,0.7609322368221405
293,2026-04-19,2.9112,7.1614,4.44,67.38,3.31,94.28,1.82,109,4,spring,0.4065126930488452
294,2026-04-20,7.1998,7.4381,0.29,53.28,2.9,26.4,0.1,110,4,spring,0.9679622484236565
295,2026-04-21,5.5781,7.1234,2.63,65.68,2.33,59.52,0.22,111,4,spring,0.7830670747115142
296,2026-04-22,5.7331,6.7411,8.91,73.33,1.38,61.77,0.03,112,4,spring,0.8504695079438074
297,2026-04-23,7.1064,7.4407,7.22,67.28,3.02,21.99,0.0,113,4,spring,0.955071431451342
298,2026-04-24,7.2914,7.5778,5.46,70.01,2.08,2.57,0.0,114,4,spring,0.9622053894270105
299,2026-04-25,6.7128,7.3891,6.53,69.66,2.32,50.69,0.0,115,4,spring,0.9084732917405367
300,2026-04-26,7.164,7.3512,11.58,63.69,1.58,18.22,0.0,116,4,spring,0.9745347698334965
301,2026-04-27,7.3519,7.3877,13.82,65.03,1.71,22.84,0.0,117,4,spring,0.9951541075030118
302,2026-04-28,3.4404,7.1966,12.71,74.4,3.33,79.87,0.05,118,4,spring,0.47805908345607645
303,2026-04-29,1.8989,6.7082,10.82,85.29,1.85,99.12,11.65,119,4,spring,0.28307146477445516
304,2026-04-30,2.8891,7.2809,6.12,81.74,2.71,96.79,5.76,120,4,spring,0.39680533999917594
305,2026-05-01,6.3427,7.8809,5.47,68.81,1.86,55.36,0.22,121,5,spring,0.8048192465327564
306,2026-05-02,3.251,7.4983,5.43,73.81,1.58,96.08,0.33,122,5,spring,0.4335649413867143
307,2026-05-03,5.1809,7.65,6.57,67.09,2.06,77.57,0.08,123,5,spring,0.6772418300653594
308,2026-05-04,3.8767,6.9046,11.31,79.23,2.43,96.2,3.15,124,5,spring,0.5614662688642355
309,2026-05-05,2.5075,6.4212,13.6,78.32,3.48,98.12,2.31,125,5,spring,0.3905033327103968
310,2026-05-06,3.3564,7.1486,8.84,76.04,1.59,99.51,0.99,126,5,spring,0.46951850712027526
311,2026-05-07,5.0957,7.9039,6.32,67.18,2.91,89.83,0.41,127,5,spring,0.6447070433583421
312,2026-05-08,4.555,7.7609,6.63,68.37,2.3,91.1,0.02,128,5,spring,0.5869164658738032
313,2026-05-09,7.1969,7.5086,10.53,69.77,2.85,53.77,3.37,129,5,spring,0.9584876008843193
314,2026-05-10,4.8533,8.058,9.71,70.07,2.92,80.32,0.34,130,5,spring,0.6022958550508811
315,2026-05-11,4.9562,7.885,5.98,73.74,2.07,68.84,0.3,131,5,spring,0.62856055802156
316,2026-05-12,6.5806,8.2049,7.27,65.29,1.57,65.46,0.02,132,5,spring,0.8020329315409084
317,2026-05-13,2.9359,6.9744,7.3,93.05,2.18,91.19,8.6,133,5,spring,0.4209537738013306
318,2026-05-14,2.2476,7.236,9.52,83.52,1.51,97.82,2.11,134,5,spring,0.31061359867330013
319,2026-05-15,3.4553,7.3589,13.07,80.57,1.58,83.2,0.65,135,5,spring,0.4695402845533979
320,2026-05-16,4.1791,7.6975,14.8,76.18,2.66,54.81,0.14,136,5,spring,0.5429165313413447
321,2026-05-17,7.7258,7.8461,16.06,74.42,2.24,36.39,0.06,137,5,spring,0.9846675418360714
322,2026-05-18,6.5712,7.0867,18.94,75.2,2.41,70.07,4.69,138,5,spring,0.9272581032074166
323,2026-05-19,4.2233,6.8095,22.33,81.18,3.02,89.15,2.29,139,5,spring,0.6202070636610618
324,2026-05-20,7.6318,7.9812,16.5,64.56,3.48,45.51,0.22,140,5,spring,0.9562221219866687
325,2026-05-21,8.5855,8.604,8.79,57.65,2.17,11.71,0.0,141,5,spring,0.9978498372849838
326,2026-05-22,8.2961,8.3611,11.93,59.79,1.19,13.13,0.0,142,5,spring,0.9922259032902367
327,2026-05-23,4.345,8.2764,12.48,78.8,2.31,99.64,1.18,143,5,spring,0.5249867091972354
328,2026-05-24,1.6303,7.0858,11.83,89.36,2.81,99.66,7.79,144,5,spring,0.23007987806599114
329,2026-05-25,3.5534,7.5286,16.02,80.92,2.08,70.23,5.99,145,5,spring,0.4719868235794171
330,2026-05-26,7.0282,7.8919,19.1,74.92,2.86,32.33,0.2,146,5,spring,0.890558674083554
331,2026-05-27,5.8937,8.0988,16.54,72.47,2.29,64.94,0.07,147,5,spring,0.7277250950758136
332,2026-05-28,5.189,7.927,13.56,76.44,2.6,90.19,0.53,148,5,spring,0.6545982086539675
333,2026-05-29,2.4842,7.4983,13.17,73.67,3.48,93.96,1.38,149,5,spring,0.3313017617326594
334,2026-05-30,7.5262,8.3167,13.33,69.79,2.73,42.3,0.48,150,5,spring,0.9049502807603977
335,2026-05-31,4.4606,7.9385,13.2,80.21,2.08,80.68,0.23,151,5,spring,0.5618945644643195
336,2026-06-01,7.1551,8.2435,14.54,68.07,1.56,20.25,0.2,152,6,summer,0.8679687026141809
337,2026-06-02,7.4611,8.2212,16.53,72.11,1.96,77.53,0.0,153,6,summer,0.9075439108645941
338,2026-06-03,8.2162,8.3614,19.33,67.74,1.67,23.41,0.26,154,6,summer,0.9826344870476237
339,2026-06-04,6.7975,8.1192,18.73,75.72,1.75,69.6,0.04,155,6,summer,0.8372130259138832
340,2026-06-05,4.9428,7.3946,19.29,81.77,1.17,98.44,2.9,156,6,summer,0.6684337219051741
341,2026-06-06,1.7885,6.9893,18.48,92.91,2.46,98.17,17.09,157,6,summer,0.25589114789750045
342,2026-06-07,3.6958,8.0074,17.51,83.31,2.73,68.33,6.23,158,6,summer,0.4615480680370657
343,2026-06-08,8.1734,8.3942,18.54,72.68,1.3,21.73,0.51,159,6,summer,0.9736961235138549
344,2026-06-09,8.1276,8.2013,20.4,69.5,1.21,29.33,0.12,160,6,summer,0.9910136197919841
345,2026-06-10,2.2822,6.9646,21.07,95.02,1.43,98.11,19.0,161,6,summer,0.3276857249518996
346,2026-06-11,5.1766,7.6099,22.75,88.99,1.41,85.43,3.25,162,6,summer,0.680245469717079
347,2026-06-12,5.9244,7.8074,22.74,82.15,2.18,49.89,0.48,163,6,summer,0.7588185567538489
348,2026-06-13,6.6833,8.3645,19.69,77.9,2.0,47.79,1.89,164,6,summer,0.7990077111602607
349,2026-06-14,1.4978,7.1431,16.76,91.27,1.4,97.05,18.05,165,6,summer,0.20968487071439573
350,2026-06-15,5.2776,8.3414,15.52,77.08,2.2,60.77,2.25,166,6,summer,0.6326995468386601
351,2026-06-16,7.4453,8.3645,15.87,75.75,1.77,29.32,0.22,167,6,summer,0.8901069998206707
352,2026-06-17,6.0072,7.7129,17.31,81.83,1.52,68.71,1.22,168,6,summer,0.7788510158306214
353,2026-06-18,2.6753,7.5773,17.68,90.68,2.26,98.69,16.61,169,6,summer,0.35306771541314186
354,2026-06-19,3.1366,8.0273,16.96,88.2,2.76,98.47,12.36,170,6,summer,0.39074159430941907
355,2026-06-20,4.7911,7.9224,16.31,91.06,2.33,97.62,3.54,171,6,summer,0.6047536100171665
356,2026-06-21,5.9772,7.9272,17.65,81.71,1.5,70.15,0.92,172,6,summer,0.7540115046927036
357,2026-06-22,5.0141,7.9742,18.52,77.04,1.46,80.79,0.06,173,6,summer,0.6287903488751223
358,2026-06-23,6.9835,8.1458,18.37,75.76,1.92,42.72,0.08,174,6,summer,0.8573129711016721
359,2026-06-24,7.2094,8.2819,18.34,76.09,2.0,45.91,0.28,175,6,summer,0.8705007305086996
360,2026-06-25,6.0295,7.7882,18.7,82.8,1.25,69.74,2.57,176,6,summer,0.7741840219819727
361,2026-06-26,4.589,7.4748,19.62,78.58,1.37,79.71,3.7,177,6,summer,0.6139294696848077
362,2026-06-27,7.6234,8.1206,21.38,68.73,0.75,27.18,0.42,178,6,summer,0.9387729970691822
363,2026-06-28,7.2072,8.0129,22.77,62.17,1.12,15.83,0.74,179,6,summer,0.8994496374595964
364,2026-06-29,7.7246,8.0431,22.17,69.74,1.2,40.09,0.06,180,6,summer,0.9604008404719572
365,2026-06-30,3.0348,8.0431,21.08,90.41,1.26,40.09,12.37,181,6,summer,0.3773172035657893
