date,ALLSKY_SFC_SW_DWN,CLRSKY_SFC_SW_DWN,ALLSKY_SFC_LW_DWN,T2M,RH2M,WS10M
20260401,3.9797,6.3528,6.5707,0.5,75.37,3.08
20260402,4.356,6.1738,6.445,0.86,81.46,3.65
20260403,1.8516,5.4773,8.0119,9.61,83.39,4.69
20260404,2.0933,5.9998,7.0361,2.85,80.37,4.05
20260405,2.7727,6.0314,7.6973,6.9,75.17,4.73
20260406,3.4615,6.5784,6.5496,-0.16,68.9,3.42
20260407,3.8962,6.559,6.0089,-3.08,65.04,3.17
20260408,6.3641,6.8177,5.7874,0.38,62.05,2.29
20260409,4.8245,6.1946,7.1815,7.58,74.12,3.87
20260410,1.2346,5.7794,7.4122,2.4,92.95,1.7
20260411,4.8898,6.8786,6.6979,2.81,72.64,2.98
20260412,1.9642,6.4855,6.8808,2.27,83.43,2.32
20260413,0.9185,5.441,8.4626,12.96,91.6,3.72
20260414,0.9684,5.9693,7.7609,6.43,94.13,2.14
20260415,1.8554,6.1723,7.7611,5.64,93.53,1.68
20260416,1.3138,5.5222,8.3158,10.0,93.57,1.81
20260417,6.6293,6.8064,7.1506,12.08,75.12,1.8
20260418,5.015,6.5906,7.8389,13.96,81.6,3.9
20260419,2.9112,7.1614,7.2406,4.44,67.38,3.31
20260420,7.1998,7.4381,5.4581,0.29,53.28,2.9
20260421,5.5781,7.1234,6.4956,2.63,65.68,2.33
20260422,5.7331,6.7411,7.2715,8.91,73.33,1.38
20260423,7.1064,7.4407,6.2251,7.22,67.28,3.02
20260424,7.2914,7.5778,5.8138,5.46,70.01,2.08
20260425,6.7128,7.3891,6.3823,6.53,69.66,2.32
20260426,7.164,7.3512,6.8194,11.58,63.69,1.58
20260427,7.3519,7.3877,7.0306,13.82,65.03,1.71
20260428,3.4404,7.1966,7.969,12.71,74.4,3.33
20260429,1.8989,6.7082,8.3338,10.82,85.29,1.85
20260430,2.8891,7.2809,7.8259,6.12,81.74,2.71
20260501,6.3427,7.8809,6.7702,5.47,68.81,1.86
20260502,3.251,7.4983,7.6481,5.43,73.81,1.58
20260503,5.1809,7.65,7.4093,6.57,67.09,2.06
20260504,3.8767,6.9046,7.931,11.31,79.23,2.43
20260505,2.5075,6.4212,8.3138,13.6,78.32,3.48
20260506,3.3564,7.1486,7.59,8.84,76.04,1.59
20260507,5.0957,7.9039,7.4959,6.32,67.18,2.91
20260508,4.555,7.7609,7.5929,6.63,68.37,2.3
20260509,7.1969,7.5086,7.0514,10.53,69.77,2.85
20260510,4.8533,8.058,7.903,9.71,70.07,2.92
20260511,4.9562,7.885,7.1806,5.98,73.74,2.07
20260512,6.5806,8.2049,6.882,7.27,65.29,1.57
20260513,2.9359,6.9744,7.8278,7.3,93.05,2.18
20260514,2.2476,7.236,8.1782,9.52,83.52,1.51
20260515,3.4553,7.3589,8.4336,13.07,80.57,1.58
20260516,4.1791,7.6975,8.1154,14.8,76.18,2.66
20260517,7.7258,7.8461,7.7059,16.06,74.42,2.24
20260518,6.5712,7.0867,8.6714,18.94,75.2,2.41
20260519,4.2233,6.8095,9.7085,22.33,81.18,3.02
20260520,7.6318,7.9812,7.7822,16.5,64.56,3.48
20260521,8.5855,8.604,6.1438,8.79,57.65,2.17
20260522,8.2961,8.3611,6.5983,11.93,59.79,1.19
20260523,4.345,8.2764,7.6126,12.48,78.8,2.31
20260524,1.6303,7.0858,8.4005,11.83,89.36,2.81
20260525,3.5534,7.5286,8.5894,16.02,80.92,2.08
20260526,7.0282,7.8919,8.4641,19.1,74.92,2.86
20260527,5.8937,8.0988,8.2877,16.54,72.47,2.29
20260528,5.189,7.927,8.2925,13.56,76.44,2.6
20260529,2.4842,7.4983,8.3686,13.17,73.67,3.48
20260530,7.5262,8.3167,7.4105,13.33,69.79,2.73
20260531,4.4606,7.9385,7.9464,13.2,80.21,2.08
20260601,7.1551,8.2435,7.3567,14.54,68.07,1.56
20260602,7.4611,8.2212,7.7916,16.53,72.11,1.96
20260603,8.2162,8.3614,7.8566,19.33,67.74,1.67
20260604,6.7975,8.1192,8.1953,18.73,75.72,1.75
20260605,4.9428,7.3946,8.8642,19.29,81.77,1.17
20260606,1.7885,6.9893,9.354,18.48,92.91,2.46
20260607,3.6958,8.0074,8.815,17.51,83.31,2.73
20260608,8.1734,8.3942,7.8185,18.54,72.68,1.3
20260609,8.1276,8.2013,8.1602,20.4,69.5,1.21
20260610,2.2822,6.9646,9.6862,21.07,95.02,1.43
20260611,5.1766,7.6099,9.7642,22.75,88.99,1.41
20260612,5.9244,7.8074,9.3413,22.74,82.15,2.18
20260613,6.6833,8.3645,8.7607,19.69,77.9,2.0
20260614,1.4978,7.1431,8.9822,16.76,91.27,1.4
20260615,5.2776,8.3414,8.3052,15.52,77.08,2.2
20260616,7.4453,8.3645,7.7472,15.87,75.75,1.77
20260617,6.0072,7.7129,8.4902,17.31,81.83,1.52
20260618,2.6753,7.5773,9.1723,17.68,90.68,2.26
20260619,3.1366,8.0273,9.0266,16.96,88.2,2.76
20260620,4.7911,7.9224,8.8114,16.31,91.06,2.33
20260621,5.9772,7.9272,8.5997,17.65,81.71,1.5
20260622,5.0141,7.9742,8.6278,18.52,77.04,1.46
20260623,6.9835,8.1458,8.424,18.37,75.76,1.92
20260624,7.2094,8.2819,8.2956,18.34,76.09,2.0
20260625,6.0295,7.7882,8.7485,18.7,82.8,1.25
20260626,4.589,7.4748,9.047,19.62,78.58,1.37
20260627,7.6234,8.1206,8.4672,21.38,68.73,0.75
20260628,7.2072,8.0129,8.5788,22.77,62.17,1.12
20260629,7.7246,8.0431,8.5198,22.17,69.74,1.2
20260630,3.0348,-999.0,9.6382,21.08,90.41,1.26
20260701,6.683,-999.0,10.1227,23.97,97.34,1.71
20260702,7.4683,-999.0,9.8383,25.9,87.8,1.99
20260703,6.5126,-999.0,9.4207,24.93,83.46,2.0
20260704,6.0653,-999.0,8.6138,21.43,79.3,1.83
20260705,8.0897,8.2039,7.6486,20.0,76.21,1.53
20260706,7.8564,-999.0,8.1322,20.97,78.73,1.85
20260707,7.8024,8.0693,8.1516,22.41,74.0,1.12
20260708,6.9482,-999.0,9.143,23.61,80.32,1.78
20260709,1.2218,-999.0,9.4946,21.69,86.57,1.02
20260710,7.147,-999.0,8.5174,20.99,78.68,1.72
20260711,7.5962,-999.0,7.6978,19.77,70.89,1.61
20260712,7.1729,-999.0,8.1485,22.04,64.47,1.25
20260713,4.6342,-999.0,9.2885,23.01,74.9,1.7
20260714,6.2251,-999.0,10.062,25.69,83.06,1.93
20260715,6.7925,-999.0,8.9508,22.4,80.8,2.21
20260716,7.3063,-999.0,8.2186,20.38,73.55,2.52
20260717,7.7402,7.9663,7.6531,18.71,66.08,1.58
20260718,1.5446,-999.0,9.0374,17.96,92.63,2.18
20260719,7.5444,7.8859,7.8103,17.19,69.99,2.73
20260720,7.4369,-999.0,8.3945,18.8,72.11,1.91
20260721,1.8017,-999.0,9.3482,19.77,88.24,2.17
20260722,3.3545,-999.0,8.7554,17.36,77.04,2.62
20260723,7.0757,-999.0,7.8996,17.21,75.89,1.92
20260724,7.1518,-999.0,8.2049,18.33,75.59,1.6
20260725,7.248,-999.0,8.3429,20.45,76.2,1.56
20260726,6.6343,-999.0,9.0766,22.7,75.28,0.91
20260727,5.2464,-999.0,9.3065,21.95,83.4,1.19
20260728,2.0004,-999.0,9.4426,21.42,90.92,1.38
20260729,3.0626,-999.0,9.6547,19.71,96.06,1.75
20260730,5.4667,-999.0,9.2683,20.77,85.25,1.7
20260731,6.8016,7.307,8.6645,21.85,73.35,1.08
20260801,2.334,-999.0,9.3358,20.35,89.35,1.25
20260802,1.1292,-999.0,9.683,21.12,93.33,1.51
20260803,3.5902,-999.0,9.3314,19.75,84.16,2.74
20260804,7.2413,7.2413,8.0947,19.74,80.17,1.76
20260805,7.2523,7.2982,8.1888,20.91,79.13,1.47
20260806,5.8802,-999.0,9.3408,22.94,82.56,1.33
20260807,4.6522,-999.0,9.2054,22.63,84.24,1.24
20260808,4.6553,-999.0,9.4397,22.89,86.43,1.72
20260809,6.1999,-999.0,9.1267,22.09,78.47,1.79
20260810,2.5488,-999.0,9.3821,20.84,88.62,1.43
20260811,5.9674,-999.0,8.4358,21.0,79.56,1.68
20260812,-999.0,-999.0,8.411,19.71,82.3,1.28
20260813,6.3682,-999.0,8.298,19.51,80.47,1.69
20260814,5.5512,-999.0,8.0395,18.61,77.54,1.64
20260815,6.3847,-999.0,7.6925,17.89,72.19,1.41
20260816,3.3799,-999.0,8.8346,17.41,82.6,1.3
20260817,4.9855,-999.0,9.0288,20.53,80.4,1.78
20260818,4.7033,-999.0,8.532,19.64,77.06,1.31
20260819,3.1714,-999.0,8.994,19.49,79.84,1.52
20260820,4.8955,-999.0,8.0162,19.27,70.36,1.28
20260821,6.0353,-999.0,7.8888,19.36,65.69,0.96
20260822,5.387,-999.0,8.4619,19.33,76.3,2.04
20260823,3.0554,-999.0,9.1416,19.22,89.24,2.45
20260824,3.8527,-999.0,8.7134,16.81,88.01,1.63
20260825,4.4784,-999.0,8.593,17.67,84.54,1.68
20260826,5.7437,-999.0,8.2838,19.09,80.01,1.51
20260827,2.809,-999.0,9.1015,19.57,90.37,2.1
20260828,4.1609,-999.0,8.4394,16.58,73.34,2.06
20260829,5.7986,6.179,7.8,17.38,73.19,2.28
20260830,3.5405,-999.0,8.7036,18.6,87.72,1.75
20260831,5.6023,-999.0,8.1691,18.72,76.2,1.29
20260901,5.8387,5.9311,8.329,16.53,87.21,1.64
20260902,1.8043,-999.0,8.9659,18.49,97.13,1.27
20260903,4.8317,-999.0,8.8666,21.19,84.93,1.51
20260904,2.9652,-999.0,8.6198,18.68,81.76,1.81
20260905,3.4277,-999.0,8.5922,17.7,84.72,1.23
20260906,5.5284,-999.0,7.7856,17.07,77.34,1.5
20260907,-999.0,-999.0,8.2486,17.8,76.15,1.56
20260908,4.9522,-999.0,8.52,18.66,79.57,1.06
20260909,1.6394,-999.0,9.1718,17.72,96.73,1.74
20260910,4.9793,-999.0,8.0213,17.96,73.55,2.69
20260911,5.6225,5.6474,6.9247,13.83,75.46,1.66
20260912,5.3834,-999.0,7.6922,16.69,80.01,1.76
20260913,3.9362,-999.0,8.8582,20.02,82.08,1.91
20260914,4.6231,-999.0,7.2492,14.58,68.21,2.09
20260915,2.2226,-999.0,8.1408,13.1,81.6,1.68
20260916,4.3435,-999.0,8.5872,18.02,83.49,1.46
20260917,2.5121,-999.0,8.387,16.74,78.36,1.22
20260918,5.2037,5.2663,6.8657,13.94,68.81,2.05
20260919,5.1521,5.2097,6.6343,10.87,69.58,1.19
20260920,4.2314,5.0386,7.4194,12.91,73.17,1.61
20260921,4.6735,-999.0,6.8299,10.72,68.5,1.88
20260922,4.9543,5.021,6.5374,10.55,71.9,1.59
20260923,4.987,4.987,6.3586,11.57,73.41,1.98
20260924,4.9284,4.9498,6.4442,13.53,64.82,1.49
20260925,4.7782,4.8286,6.8525,14.3,72.87,1.58
20260926,4.6217,-999.0,7.1626,14.71,71.91,1.96
20260927,2.7235,-999.0,8.0719,14.89,76.21,2.35
20260928,1.6603,-999.0,8.736,14.77,81.26,1.51
20260929,2.8166,4.4582,8.4744,14.12,79.55,1.09
20260930,2.3959,-999.0,8.448,13.84,93.48,1.43
