date,ALLSKY_SFC_SW_DWN,CLRSKY_SFC_SW_DWN,T2M,RH2M,WS10M,CLOUD_AMT,PRECTOTCORR
20250701,4.739,7.601,23.8,79.48,1.73,80.13,3.79
20250702,6.7241,7.5324,22.55,74.06,1.86,30.95,0.14
20250703,4.459,7.5986,19.42,73.04,2.06,62.78,2.04
20250704,8.011,8.2169,17.91,70.3,1.82,9.88,0.29
20250705,5.0779,7.831,20.07,73.1,1.91,84.87,0.18
20250706,4.7311,7.5612,24.92,79.98,1.61,89.05,5.62
20250707,1.8473,7.1974,21.55,93.31,1.69,95.7,16.17
20250708,6.6415,7.8679,20.81,74.24,1.05,59.44,1.92
20250709,6.1589,7.571,22.29,74.02,0.91,68.3,3.18
20250710,6.0787,7.6152,23.41,72.25,0.86,59.4,1.73
20250711,6.8491,7.489,24.46,70.76,0.89,40.47,0.26
20250712,6.7997,7.4009,25.39,74.21,1.55,32.04,0.27
20250713,4.8024,7.2785,25.12,87.13,1.83,66.82,2.77
20250714,5.5006,7.1506,23.33,75.27,1.42,62.77,1.19
20250715,6.8347,7.2586,24.53,70.46,1.36,23.83,0.19
20250716,7.2511,7.4714,25.45,69.05,1.74,38.84,0.19
20250717,3.5827,7.2394,23.27,79.74,2.7,88.96,6.14
20250718,8.0112,8.1415,18.89,62.66,1.58,9.19,1.29
20250719,6.3235,7.6351,18.87,74.99,1.42,72.19,2.47
20250720,4.9092,7.3195,19.72,77.47,1.55,75.34,3.12
20250721,6.6914,7.9399,16.53,67.86,2.12,30.28,0.2
20250722,7.3327,8.0345,17.05,67.51,1.02,38.04,0.07
20250723,7.5194,7.7875,20.28,62.11,1.84,45.77,0.01
20250724,6.3118,7.4131,25.07,69.48,2.53,59.63,2.86
20250725,6.2719,7.146,23.9,74.2,2.07,47.36,1.69
20250726,6.4992,7.0428,23.01,71.0,1.51,46.42,0.12
20250727,4.7825,6.8731,25.12,75.86,1.31,48.59,0.5
20250728,6.666,6.9158,26.58,67.4,1.51,23.53,0.09
20250729,6.4337,7.1309,24.7,62.34,1.58,37.69,0.0
20250730,4.9392,6.7858,22.38,67.19,1.83,76.5,0.11
20250731,4.6615,7.3447,18.24,63.36,2.03,72.69,0.4
20250801,7.1789,7.6577,17.83,55.67,1.72,14.07,0.0
20250802,6.2273,6.6041,20.24,58.2,1.73,17.08,0.12
20250803,4.237,4.5578,21.89,64.44,1.81,13.4,0.02
20250804,4.1729,5.2373,20.46,65.52,2.02,45.27,0.01
20250805,5.3484,5.9849,19.1,68.35,1.56,52.79,0.11
20250806,6.5407,6.5551,21.39,63.68,1.69,9.98,1.81
20250807,5.8958,6.343,22.89,69.53,1.36,42.24,0.4
20250808,5.4679,6.192,23.66,63.5,1.72,35.1,0.01
20250809,6.2386,6.6799,25.08,66.38,1.52,51.93,3.25
20250810,6.5683,6.781,26.99,58.73,1.82,41.55,0.21
20250811,6.8352,6.9113,26.38,58.14,1.65,8.58,0.25
20250812,6.4042,6.7644,27.0,56.84,1.91,21.63,0.28
20250813,3.5568,6.4037,25.26,73.64,1.46,79.58,6.76
20250814,6.6982,6.947,20.88,62.5,2.21,12.25,0.55
20250815,7.2595,7.2778,20.23,59.64,1.11,4.31,1.46
20250816,6.6259,6.7493,23.82,59.63,1.5,11.79,1.11
20250817,3.5078,6.4666,18.99,66.45,2.61,55.06,4.56
20250818,6.5779,7.2079,14.71,63.29,1.55,62.06,0.65
20250819,4.2521,6.7694,16.4,67.18,1.7,91.11,0.2
20250820,3.9821,6.4728,17.76,77.85,1.59,72.91,0.61
20250821,6.2633,6.7709,19.76,68.16,1.48,12.51,0.0
20250822,6.2184,6.5191,22.47,58.82,1.14,25.73,0.0
20250823,4.1599,6.0938,21.37,67.58,1.99,83.65,1.27
20250824,4.7938,6.1606,22.3,69.83,2.0,66.65,2.64
20250825,5.3743,6.4058,19.35,67.09,2.01,60.37,0.91
20250826,3.9264,6.5225,16.01,67.73,2.13,89.63,0.76
20250827,5.0074,6.5258,16.33,59.04,1.62,64.33,0.02
20250828,1.7467,6.0343,14.69,87.07,1.78,99.6,20.62
20250829,3.9958,6.2424,13.6,82.33,1.92,79.72,2.81
20250830,3.4049,6.1606,13.95,82.41,2.27,69.2,1.18
20250831,6.223,6.2906,18.0,64.99,1.12,4.25,0.13
20250901,5.5867,6.0972,20.46,58.83,1.0,43.43,0.0
20250902,5.1782,5.9688,20.38,63.12,1.31,61.55,0.07
20250903,5.8008,6.0938,19.23,63.5,1.87,24.33,0.01
20250904,3.6943,5.6225,17.53,81.71,2.03,75.8,5.58
20250905,4.8329,5.7343,16.83,69.09,2.81,48.58,1.95
20250906,2.9482,5.4204,14.77,71.94,1.89,88.82,0.47
20250907,4.0836,5.9496,14.12,65.28,2.15,65.68,0.55
20250908,5.0921,6.065,14.05,61.73,1.44,22.46,0.45
20250909,5.5272,5.5997,14.61,65.61,1.65,16.61,0.01
20250910,4.9992,5.61,17.39,60.82,1.23,33.98,0.0
20250911,5.1862,5.6695,16.22,64.41,2.03,30.76,0.0
20250912,5.557,5.8771,14.64,62.74,1.05,50.44,0.01
20250913,4.2053,5.387,18.5,57.9,1.1,69.84,0.16
20250914,4.8974,5.3839,17.57,73.5,1.79,31.34,0.61
20250915,5.5046,5.5438,16.66,68.33,1.3,8.84,0.03
20250916,5.4499,5.4595,17.59,66.7,1.52,5.15,0.0
20250917,4.4273,5.2577,18.21,72.66,1.33,77.53,0.26
20250918,3.9048,5.0849,19.09,70.72,2.06,38.53,0.07
20250919,5.5622,5.5762,12.92,60.07,2.15,1.7,0.05
20250920,5.5723,5.641,10.43,57.01,1.47,8.87,0.59
20250921,4.9241,5.2423,13.6,65.93,1.72,29.5,0.13
20250922,1.2067,4.4321,16.26,90.8,1.42,96.56,6.73
20250923,2.3299,4.2576,18.8,87.7,1.31,96.21,3.73
20250924,4.0188,4.6159,17.66,78.85,1.8,75.68,0.11
20250925,1.2912,4.2194,15.82,94.72,1.64,96.25,9.88
20250926,2.0599,4.6642,16.42,83.01,1.77,71.57,0.58
20250927,3.9967,4.7614,15.35,72.6,1.43,58.29,0.45
20250928,4.7657,4.825,17.03,68.43,2.19,9.13,0.62
20250929,4.7429,4.7436,17.07,60.97,1.85,0.42,0.4
20250930,4.8917,4.9094,13.78,64.07,2.21,1.22,0.34
20251001,4.7621,4.7678,9.6,70.0,1.86,0.92,0.84
20251002,4.5989,4.6538,10.25,68.38,1.43,32.78,0.38
20251003,4.2595,4.471,14.77,62.61,1.79,45.85,0.0
20251004,4.0814,4.2367,18.74,67.12,1.39,21.48,0.01
20251005,4.2206,4.2235,19.88,67.55,1.81,0.57,0.01
20251006,4.1093,4.2127,20.0,65.58,2.23,21.95,0.01
20251007,1.213,3.7834,17.83,81.63,1.99,79.26,31.46
20251008,3.3187,4.3483,10.37,74.12,2.26,52.32,1.97
20251009,4.5132,4.5238,6.26,55.07,1.8,3.28,0.0
20251010,4.0747,4.3442,6.51,68.02,1.96,53.37,0.03
20251011,3.3866,3.9924,11.04,79.9,1.64,42.5,0.74
20251012,3.9782,4.0051,11.73,74.69,2.3,8.23,0.02
20251013,2.635,3.8282,11.33,74.45,2.03,68.81,0.01
20251014,3.7231,3.8856,12.79,70.43,1.56,29.77,0.08
20251015,3.4471,3.9929,8.49,57.82,2.56,47.47,0.0
20251016,4.0032,4.038,6.2,66.25,2.46,13.27,0.2
20251017,3.4034,3.8707,6.54,70.91,1.35,69.12,0.11
20251018,2.4127,3.3444,10.57,84.3,1.82,86.85,0.85
20251019,2.7924,3.3895,16.22,70.14,3.17,73.44,0.75
20251020,0.7519,3.3254,13.65,86.31,2.81,99.22,19.0
20251021,2.1821,3.5155,9.92,76.48,2.25,79.9,2.8
20251022,1.3565,3.3103,8.51,92.25,1.75,83.23,3.2
20251023,1.4758,3.3202,7.48,87.91,1.9,82.35,1.86
20251024,1.8365,3.3298,5.85,80.42,1.69,92.27,1.05
20251025,2.0316,3.4692,3.59,80.41,1.84,81.25,0.58
20251026,2.2949,3.3931,3.06,79.66,1.69,51.5,0.42
20251027,3.223,3.3838,3.68,80.8,1.73,29.69,0.09
20251028,3.311,3.3379,4.75,85.14,1.82,11.31,0.72
20251029,3.187,3.2779,4.68,81.39,1.72,23.85,0.43
20251030,0.5045,2.839,4.42,93.77,2.41,91.31,20.73
20251031,0.5621,2.9882,4.61,93.62,3.56,99.75,21.31
20251101,1.4134,3.1738,3.37,78.32,2.99,86.85,2.14
20251102,1.9922,3.168,1.8,84.67,1.79,71.51,0.24
20251103,0.9511,2.6486,5.29,91.39,3.03,90.55,3.34
20251104,2.4533,3.0295,6.35,63.92,3.44,45.04,0.43
20251105,0.5304,2.658,3.34,89.93,2.08,94.69,6.56
20251106,1.9046,2.9755,0.49,77.44,2.87,65.64,1.88
20251107,0.9026,2.6191,1.52,87.85,2.34,93.05,5.18
20251108,1.6114,2.8939,1.33,75.2,2.59,78.41,1.22
20251109,0.7711,2.454,-1.88,76.56,2.41,98.56,7.9
20251110,0.9098,2.4415,-2.39,83.01,2.5,95.22,1.98
20251111,0.9941,2.7046,-2.89,82.6,3.29,86.32,1.08
20251112,0.7229,2.538,-0.57,94.73,2.12,94.77,2.29
20251113,1.0507,2.5546,-0.49,94.31,1.96,97.05,0.98
20251114,1.0176,2.5728,-1.56,92.09,1.73,78.02,1.37
20251115,1.1724,2.4708,-2.29,90.53,1.57,70.6,8.25
20251116,1.3577,2.4684,-1.38,93.75,3.57,97.6,3.4
20251117,1.151,2.508,-2.33,91.07,3.72,96.48,0.43
20251118,0.9451,2.472,-3.58,92.39,2.31,59.99,0.02
20251119,1.6704,2.4473,-2.68,84.97,1.3,38.97,0.01
20251120,1.1616,2.3006,-3.23,93.28,1.22,82.33,0.18
20251121,0.761,2.0542,-1.17,98.41,1.93,81.12,3.11
20251122,1.7167,2.3575,-2.46,89.6,2.13,55.54,0.2
20251123,0.8458,2.1106,-2.26,93.57,1.24,91.58,2.44
20251124,1.0358,2.2714,-0.89,94.91,1.9,92.02,0.36
20251125,1.0982,2.0184,1.1,95.77,1.49,98.95,1.02
20251126,0.5472,1.8912,1.59,98.71,2.36,95.88,7.64
20251127,0.9278,2.0935,0.59,80.43,3.62,92.57,0.77
20251128,0.9574,2.1929,-2.25,76.65,3.62,95.22,0.34
20251129,1.7506,2.2054,-3.42,70.38,2.66,69.16,0.0
20251130,0.4219,2.0057,-1.62,89.91,2.73,99.36,4.25
20251201,1.3884,2.227,-7.3,74.46,2.51,81.25,0.25
20251202,1.2468,1.7162,-8.2,87.02,1.46,61.68,0.2
20251203,0.7834,1.9157,-5.49,92.91,2.39,83.66,0.88
20251204,1.3862,2.1725,-11.64,69.1,3.77,63.17,1.17
20251205,0.7073,2.1394,-11.47,75.48,2.15,79.07,0.43
20251206,0.4795,1.9291,-4.41,90.42,2.86,91.67,2.0
20251207,0.9499,2.0398,-11.32,77.34,1.65,79.96,1.78
20251208,1.8307,2.1595,-15.08,83.19,2.26,34.01,0.57
20251209,1.014,2.051,-12.89,97.28,1.78,75.67,1.44
20251210,0.5575,1.8775,-5.66,99.0,1.94,99.77,5.65
20251211,0.8482,2.0554,-10.82,93.39,4.69,99.14,2.1
20251212,1.4237,1.9913,-9.32,96.13,3.26,70.53,0.38
20251213,0.7094,1.9075,-7.93,97.1,2.2,85.87,2.16
20251214,1.6392,2.0146,-15.37,94.46,2.77,45.19,0.59
20251215,0.9593,2.0182,-11.46,96.37,2.36,81.38,2.39
20251216,1.0058,1.9519,-6.95,98.05,2.99,93.26,0.49
20251217,0.323,1.6675,-1.99,97.19,3.63,90.66,0.87
20251218,0.7505,1.7347,-3.4,95.55,2.62,87.17,0.04
20251219,0.5242,1.7539,2.09,85.2,5.47,99.4,8.07
20251220,0.9238,1.9495,-5.31,69.41,3.77,72.27,2.22
20251221,1.0495,1.9714,-4.85,69.61,4.72,59.43,0.47
20251222,0.8971,1.7734,-10.73,90.21,1.56,74.86,1.79
20251223,0.4735,1.7681,-6.58,95.64,2.4,98.09,7.41
20251224,0.8333,1.8475,-5.53,92.79,2.7,95.2,1.29
20251225,1.103,1.9075,-10.72,89.48,3.63,58.94,2.27
20251226,1.027,1.9937,-19.6,86.83,2.92,74.21,1.69
20251227,1.3325,1.8216,-13.87,93.8,1.64,43.25,0.27
20251228,0.9617,1.7549,-11.18,96.51,2.21,79.24,2.65
20251229,0.5522,1.8058,-3.3,94.28,4.8,96.75,7.65
20251230,1.0375,2.0806,-14.33,86.68,5.75,94.97,0.51
20251231,1.2667,2.0722,-13.06,85.86,3.1,90.97,2.41
20260101,1.933,2.1514,-17.3,86.86,3.37,44.77,1.02
20260102,1.3728,2.0815,-12.77,88.6,1.84,77.0,0.28
20260103,1.3978,2.0935,-14.83,86.86,2.49,74.98,1.07
20260104,1.3538,2.0633,-16.52,85.18,1.82,48.07,0.16
20260105,1.446,2.053,-15.54,95.02,2.11,62.82,2.78
20260106,0.689,1.7794,-11.12,98.17,2.53,99.56,1.9
20260107,0.6492,1.7585,-5.16,99.06,2.36,93.5,2.77
20260108,0.6017,2.0921,-4.06,99.35,2.05,96.86,0.23
20260109,0.395,1.7196,0.79,96.41,4.88,92.16,4.01
20260110,1.5775,2.1588,-2.89,84.05,3.35,82.72,6.84
20260111,1.0169,2.1542,-3.61,90.65,4.6,84.64,3.93
20260112,0.4272,2.1022,-6.07,92.43,3.65,91.96,1.74
20260113,0.8784,2.1444,-1.44,96.89,3.6,96.78,2.35
20260114,0.6149,2.1122,0.12,96.53,3.64,99.79,0.52
20260115,0.569,2.1835,-12.73,86.6,4.75,92.27,7.71
20260116,2.2572,2.4826,-17.7,83.35,3.13,47.24,0.83
20260117,1.2521,2.262,-5.53,98.64,2.95,96.31,1.65
20260118,1.7645,2.369,-7.22,92.33,3.46,65.52,0.11
20260119,1.2329,2.4151,-8.11,94.59,3.44,91.35,1.41
20260120,2.1034,2.5661,-13.88,87.53,3.8,59.86,0.15
20260121,1.2259,2.4806,-8.61,92.63,3.94,95.24,2.03
20260122,1.3918,2.4833,-5.37,92.8,4.45,84.84,1.42
20260123,1.931,2.6806,-15.92,87.42,4.18,54.91,0.16
20260124,2.4797,2.7965,-23.75,84.64,2.77,28.77,0.02
20260125,1.3399,2.737,-19.56,91.6,2.92,97.66,3.76
20260126,1.7134,2.7667,-16.98,96.23,2.78,55.75,2.49
20260127,2.0419,2.765,-17.16,98.03,2.16,48.36,1.27
20260128,1.997,2.8327,-14.31,98.68,2.07,75.45,0.48
20260129,2.4648,2.8598,-16.7,95.72,3.76,40.08,0.79
20260130,2.2824,2.9525,-20.57,96.11,3.55,47.88,1.58
20260131,2.0626,3.0053,-18.24,96.05,2.54,77.83,0.62
20260201,2.9926,3.0965,-21.87,98.78,3.16,32.33,0.92
20260202,3.018,3.0694,-18.03,98.91,2.51,6.12,0.23
20260203,1.985,2.8277,-11.27,99.64,1.39,73.89,0.97
20260204,2.5445,3.0274,-10.17,97.71,2.97,70.29,0.63
20260205,3.0079,3.251,-13.97,96.18,1.85,26.39,0.02
20260206,2.2306,2.9155,-12.14,99.17,2.48,68.36,3.32
20260207,2.8066,3.3806,-20.2,95.63,6.38,44.84,2.34
20260208,3.2611,3.3967,-22.34,96.71,4.08,12.35,0.03
20260209,3.0646,3.3641,-20.75,97.61,2.28,47.32,0.13
20260210,1.6188,3.1034,-11.49,97.47,2.3,87.19,5.06
20260211,2.711,3.4298,-8.95,97.71,3.27,85.53,1.33
20260212,3.4884,3.619,-13.08,96.84,3.76,28.4,0.15
20260213,3.5371,3.6295,-13.56,97.33,2.76,16.02,0.01
20260214,3.157,3.4718,-8.38,97.51,2.91,45.11,0.77
20260215,2.945,3.1366,-14.17,95.46,3.04,46.6,0.0
20260216,2.3906,2.8193,-5.93,98.38,2.16,67.11,0.9
20260217,2.0081,2.9412,-0.84,98.66,2.13,75.21,1.03
20260218,3.2966,3.8914,-7.42,96.21,2.95,70.9,0.0
20260219,3.7663,3.845,-9.56,96.34,2.94,42.91,0.0
20260220,1.9399,3.6624,-6.66,97.22,4.94,86.25,4.32
20260221,2.875,3.6403,-10.38,96.75,3.41,56.24,1.97
20260222,2.2579,3.6391,-8.73,98.73,3.21,70.79,0.27
20260223,3.5254,3.9298,-6.72,96.97,4.34,71.07,0.26
20260224,3.1908,4.3358,-16.81,96.78,3.4,58.01,0.12
20260225,2.0294,4.0942,-6.67,98.27,3.21,97.35,4.27
20260226,3.7109,4.4326,-10.26,95.31,2.93,73.8,0.2
20260227,2.9798,4.1222,-5.94,98.09,2.76,63.53,0.62
20260228,3.3665,4.1016,-2.9,94.19,4.73,83.07,0.65
20260301,4.6572,4.6942,-15.15,90.18,3.21,19.11,0.32
20260302,4.5653,4.7062,-15.74,89.72,2.28,13.77,0.0
20260303,3.2158,4.4894,-7.08,96.66,2.01,84.83,0.17
20260304,4.1078,4.3366,-2.74,94.75,2.48,53.95,0.21
20260305,3.0708,4.356,-5.03,91.33,3.62,71.02,0.12
20260306,3.8203,4.5811,-3.09,92.94,2.88,71.02,0.42
20260307,1.3889,3.8971,6.54,97.37,4.51,98.32,20.04
20260308,3.2366,4.8341,5.03,78.44,4.58,85.55,1.89
20260309,3.3132,4.6013,7.46,77.49,5.2,81.09,0.89
20260310,2.7314,4.3529,5.04,75.86,3.45,80.44,0.1
20260311,0.7385,3.9931,-0.91,88.95,3.93,98.78,18.34
20260312,2.4866,5.2289,-4.9,78.8,5.1,94.8,1.81
20260313,2.124,5.2373,-3.27,77.33,3.01,85.18,3.89
20260314,2.1367,5.0093,-3.37,92.65,3.69,73.83,3.69
20260315,2.2423,4.8086,-4.14,88.81,3.91,86.85,2.75
20260316,1.6606,4.6334,4.89,94.42,4.61,96.33,10.74
20260317,3.7174,5.6208,-7.54,70.05,6.06,73.55,3.67
20260318,4.8578,5.6446,-7.3,63.26,2.32,57.91,0.17
20260319,1.7314,5.058,-1.48,86.2,3.22,85.16,2.25
20260320,1.9003,5.2085,-2.51,83.97,2.23,89.51,2.23
20260321,4.1974,5.6822,-0.53,77.66,1.72,81.5,0.6
20260322,1.8348,5.0107,-0.8,85.63,3.42,94.28,3.21
20260323,4.4753,5.8404,-3.51,77.24,3.17,46.8,0.12
20260324,4.5574,5.9635,-3.11,75.12,3.18,60.06,0.36
20260325,5.0033,5.6726,-3.33,76.86,2.46,65.93,1.25
20260326,1.8211,5.2622,0.96,92.57,2.14,96.86,3.3
20260327,6.2827,6.3874,-7.62,63.82,3.82,35.8,0.38
20260328,4.5014,6.1889,-5.84,74.02,2.88,56.81,0.12
20260329,4.7743,5.9431,0.72,79.95,2.88,77.11,0.31
20260330,3.8686,5.5591,4.84,86.27,2.77,94.14,0.15
20260331,1.5667,5.5697,3.87,84.37,3.14,99.1,9.0
20260401,3.9797,6.3528,0.5,75.37,3.08,84.68,1.29
20260402,4.356,6.1738,0.86,81.46,3.65,92.33,3.9
20260403,1.8516,5.4773,9.61,83.39,4.69,86.92,3.59
20260404,2.0933,5.9998,2.85,80.37,4.05,74.24,6.21
20260405,2.7727,6.0314,6.9,75.17,4.73,99.09,11.36
20260406,3.4615,6.5784,-0.16,68.9,3.42,88.05,0.09
20260407,3.8962,6.559,-3.08,65.04,3.17,62.66,0.64
20260408,6.3641,6.8177,0.38,62.05,2.29,35.42,0.01
20260409,4.8245,6.1946,7.58,74.12,3.87,58.88,0.03
20260410,1.2346,5.7794,2.4,92.95,1.7,93.08,5.53
20260411,4.8898,6.8786,2.81,72.64,2.98,57.05,0.49
20260412,1.9642,6.4855,2.27,83.43,2.32,85.32,12.04
20260413,0.9185,5.441,12.96,91.6,3.72,97.21,12.32
20260414,0.9684,5.9693,6.43,94.13,2.14,87.48,15.21
20260415,1.8554,6.1723,5.64,93.53,1.68,97.04,4.07
20260416,1.3138,5.5222,10.0,93.57,1.81,97.66,14.14
20260417,6.6293,6.8064,12.08,75.12,1.8,40.51,0.45
20260418,5.015,6.5906,13.96,81.6,3.9,85.0,7.36
20260419,2.9112,7.1614,4.44,67.38,3.31,94.28,1.82
20260420,7.1998,7.4381,0.29,53.28,2.9,26.4,0.1
20260421,5.5781,7.1234,2.63,65.68,2.33,59.52,0.22
20260422,5.7331,6.7411,8.91,73.33,1.38,61.77,0.03
20260423,7.1064,7.4407,7.22,67.28,3.02,21.99,0.0
20260424,7.2914,7.5778,5.46,70.01,2.08,2.57,0.0
20260425,6.7128,7.3891,6.53,69.66,2.32,50.69,0.0
20260426,7.164,7.3512,11.58,63.69,1.58,18.22,0.0
20260427,7.3519,7.3877,13.82,65.03,1.71,22.84,0.0
20260428,3.4404,7.1966,12.71,74.4,3.33,79.87,0.05
20260429,1.8989,6.7082,10.82,85.29,1.85,99.12,11.65
20260430,2.8891,7.2809,6.12,81.74,2.71,96.79,5.76
20260501,6.3427,7.8809,5.47,68.81,1.86,55.36,0.22
20260502,3.251,7.4983,5.43,73.81,1.58,96.08,0.33
20260503,5.1809,7.65,6.57,67.09,2.06,77.57,0.08
20260504,3.8767,6.9046,11.31,79.23,2.43,96.2,3.15
20260505,2.5075,6.4212,13.6,78.32,3.48,98.12,2.31
20260506,3.3564,7.1486,8.84,76.04,1.59,99.51,0.99
20260507,5.0957,7.9039,6.32,67.18,2.91,89.83,0.41
20260508,4.555,7.7609,6.63,68.37,2.3,91.1,0.02
20260509,7.1969,7.5086,10.53,69.77,2.85,53.77,3.37
20260510,4.8533,8.058,9.71,70.07,2.92,80.32,0.34
20260511,4.9562,7.885,5.98,73.74,2.07,68.84,0.3
20260512,6.5806,8.2049,7.27,65.29,1.57,65.46,0.02
20260513,2.9359,6.9744,7.3,93.05,2.18,91.19,8.6
20260514,2.2476,7.236,9.52,83.52,1.51,97.82,2.11
20260515,3.4553,7.3589,13.07,80.57,1.58,83.2,0.65
20260516,4.1791,7.6975,14.8,76.18,2.66,54.81,0.14
20260517,7.7258,7.8461,16.06,74.42,2.24,36.39,0.06
20260518,6.5712,7.0867,18.94,75.2,2.41,70.07,4.69
20260519,4.2233,6.8095,22.33,81.18,3.02,89.15,2.29
20260520,7.6318,7.9812,16.5,64.56,3.48,45.51,0.22
20260521,8.5855,8.604,8.79,57.65,2.17,11.71,0.0
20260522,8.2961,8.3611,11.93,59.79,1.19,13.13,0.0
20260523,4.345,8.2764,12.48,78.8,2.31,99.64,1.18
20260524,1.6303,7.0858,11.83,89.36,2.81,99.66,7.79
20260525,3.5534,7.5286,16.02,80.92,2.08,70.23,5.99
20260526,7.0282,7.8919,19.1,74.92,2.86,32.33,0.2
20260527,5.8937,8.0988,16.54,72.47,2.29,64.94,0.07
20260528,5.189,7.927,13.56,76.44,2.6,90.19,0.53
20260529,2.4842,7.4983,13.17,73.67,3.48,93.96,1.38
20260530,7.5262,8.3167,13.33,69.79,2.73,42.3,0.48
20260531,4.4606,7.9385,13.2,80.21,2.08,80.68,0.23
20260601,7.1551,8.2435,14.54,68.07,1.56,20.25,0.2
20260602,7.4611,8.2212,16.53,72.11,1.96,77.53,0.0
20260603,8.2162,8.3614,19.33,67.74,1.67,23.41,0.26
20260604,6.7975,8.1192,18.73,75.72,1.75,69.6,0.04
20260605,4.9428,7.3946,19.29,81.77,1.17,98.44,2.9
20260606,1.7885,6.9893,18.48,92.91,2.46,98.17,17.09
20260607,3.6958,8.0074,17.51,83.31,2.73,68.33,6.23
20260608,8.1734,8.3942,18.54,72.68,1.3,21.73,0.51
20260609,8.1276,8.2013,20.4,69.5,1.21,29.33,0.12
20260610,2.2822,6.9646,21.07,95.02,1.43,98.11,19.0
20260611,5.1766,7.6099,22.75,88.99,1.41,85.43,3.25
20260612,5.9244,7.8074,22.74,82.15,2.18,49.89,0.48
20260613,6.6833,8.3645,19.69,77.9,2.0,47.79,1.89
20260614,1.4978,7.1431,16.76,91.27,1.4,97.05,18.05
20260615,5.2776,8.3414,15.52,77.08,2.2,60.77,2.25
20260616,7.4453,8.3645,15.87,75.75,1.77,29.32,0.22
20260617,6.0072,7.7129,17.31,81.83,1.52,68.71,1.22
20260618,2.6753,7.5773,17.68,90.68,2.26,98.69,16.61
20260619,3.1366,8.0273,16.96,88.2,2.76,98.47,12.36
20260620,4.7911,7.9224,16.31,91.06,2.33,97.62,3.54
20260621,5.9772,7.9272,17.65,81.71,1.5,70.15,0.92
20260622,5.0141,7.9742,18.52,77.04,1.46,80.79,0.06
20260623,6.9835,8.1458,18.37,75.76,1.92,42.72,0.08
20260624,7.2094,8.2819,18.34,76.09,2.0,45.91,0.28
20260625,6.0295,7.7882,18.7,82.8,1.25,69.74,2.57
20260626,4.589,7.4748,19.62,78.58,1.37,79.71,3.7
20260627,7.6234,8.1206,21.38,68.73,0.75,27.18,0.42
20260628,7.2072,8.0129,22.77,62.17,1.12,15.83,0.74
20260629,7.7246,8.0431,22.17,69.74,1.2,40.09,0.06
20260630,3.0348,-999.0,21.08,90.41,1.26,-999.0,12.37
